-- MySQL dump 10.13  Distrib 5.6.25, for osx10.10 (x86_64)
--
-- Host: localhost    Database: HotelInfo3
-- ------------------------------------------------------
-- Server version	5.6.25

/*!40101 SET @OLD_CHARACTER_SET_CLIENT=@@CHARACTER_SET_CLIENT */;
/*!40101 SET @OLD_CHARACTER_SET_RESULTS=@@CHARACTER_SET_RESULTS */;
/*!40101 SET @OLD_COLLATION_CONNECTION=@@COLLATION_CONNECTION */;
/*!40101 SET NAMES utf8 */;
/*!40103 SET @OLD_TIME_ZONE=@@TIME_ZONE */;
/*!40103 SET TIME_ZONE='+00:00' */;
/*!40014 SET @OLD_UNIQUE_CHECKS=@@UNIQUE_CHECKS, UNIQUE_CHECKS=0 */;
/*!40014 SET @OLD_FOREIGN_KEY_CHECKS=@@FOREIGN_KEY_CHECKS, FOREIGN_KEY_CHECKS=0 */;
/*!40101 SET @OLD_SQL_MODE=@@SQL_MODE, SQL_MODE='NO_AUTO_VALUE_ON_ZERO' */;
/*!40111 SET @OLD_SQL_NOTES=@@SQL_NOTES, SQL_NOTES=0 */;

--
-- Table structure for table `ddScore`
--

DROP TABLE IF EXISTS `ddScore`;
/*!40101 SET @saved_cs_client     = @@character_set_client */;
/*!40101 SET character_set_client = utf8 */;
CREATE TABLE `ddScore` (
  `HotelID` int(11) NOT NULL,
  `HotelName` varchar(100) NOT NULL,
  `City` varchar(40) NOT NULL,
  `Hotel_lat` float(10,6) NOT NULL,
  `Hotel_len` float(10,6) NOT NULL,
  `HotelRate` varchar(40) NOT NULL,
  `Ratepng` varchar(100) NOT NULL,
  PRIMARY KEY (`HotelID`)
) ENGINE=InnoDB DEFAULT CHARSET=utf8;
/*!40101 SET character_set_client = @saved_cs_client */;

--
-- Dumping data for table `ddScore`
--

LOCK TABLES `ddScore` WRITE;
/*!40000 ALTER TABLE `ddScore` DISABLE KEYS */;
INSERT INTO `ddScore` VALUES (93625,'Hotel Wales','New York City',40.784771,-73.955666,'Fair','Fair.png'),(99357,'Mayfair Hotel','New York City',40.761246,-73.985954,'Fair','Fair.png'),(99365,'Da Vinci Hotel','New York City',40.765682,-73.982971,'Fair','Fair.png'),(99391,'Courtyard by Marriott New York Manhattan Fifth Avenue','New York City',40.752068,-73.981094,'Good','Good.png'),(99443,'Astor on the Park','New York City',40.798580,-73.960129,'Fair','Fair.png'),(99774,'La Quinta Inn Manhattan','New York City',40.747833,-73.986511,'Fair','Fair.png'),(112019,'Chelsea Savoy Hotel','New York City',40.744007,-73.996048,'Fair','Fair.png'),(112021,'Broadway at Times Square Hotel','New York City',40.758183,-73.983566,'Good','Good.png'),(112039,'Hotel Newton','New York City',40.793736,-73.972153,'Good','Good.png'),(112041,'Larchmont Hotel','New York City',40.734653,-73.996101,'Fair','Fair.png'),(112052,'The Mark','New York City',40.775326,-73.963287,'Good','Good.png'),(112053,'The Mercer Hotel','New York City',40.724930,-73.998650,'Good','Good.png'),(112062,'The Time','New York City',40.760979,-73.985504,'Fair','Fair.png'),(112064,'Warwick New York Hotel','New York City',40.762424,-73.978180,'Good','Good.png'),(112066,'W New York','New York City',40.756058,-73.972282,'Fair','Fair.png'),(113298,'Four Seasons Hotel New York','New York City',40.762325,-73.971283,'Good','Good.png'),(113300,'Omni Berkshire Place','New York City',40.759403,-73.974831,'Good','Good.png'),(113309,'Fitzpatrick  Manhattan','New York City',40.760487,-73.969162,'Excellent','Excellent.png'),(113311,'The Peninsula New York','New York City',40.761463,-73.975601,'Good','Good.png'),(113317,'Casablanca Hotel Times Square','New York City',40.756596,-73.985275,'Excellent','Excellent.png'),(113329,'Morgans New York Hotel','New York City',40.749935,-73.980988,'Good','Good.png'),(113343,'Marrakech Hotel on Broadway','New York City',40.798702,-73.968369,'Fair','Fair.png'),(121987,'The Milburn Hotel','New York City',40.781933,-73.981941,'Good','Good.png'),(121991,'Seton Hotel','New York City',40.749683,-73.976082,'Good','Good.png'),(121996,'The Gregory','New York City',40.749783,-73.986046,'Good','Good.png'),(121998,'The Marmara Manhattan','New York City',40.783005,-73.947571,'Good','Good.png'),(122004,'Phillips Club','New York City',40.774471,-73.982971,'Excellent','Excellent.png'),(122007,'Manhattan Broadway Hotel','New York City',40.754772,-73.991066,'Poor','Poor.png'),(122011,'Hotel Riverview','New York City',40.738140,-74.008415,'Poor','Poor.png'),(122014,'Gild Hall A Thompson Hotel','New York City',40.707962,-74.007179,'Good','Good.png'),(122015,'Hotel Grand Union','New York City',40.746025,-73.983307,'Fair','Fair.png'),(122020,'Chelsea Pines Inn','New York City',40.740364,-74.003426,'Excellent','Excellent.png'),(122022,'Box Tree Inn','New York City',40.754391,-73.969292,'Poor','Poor.png'),(125274,'Martha Washington Hotel','New York City',40.744503,-73.984596,'Fair','Fair.png'),(126257,'Hotel 31','New York City',40.744553,-73.981812,'Fair','Fair.png'),(126260,'Lotte New York Palace','New York City',40.757927,-73.976212,'Good','Good.png'),(142114,'Days Inn Hotel New York City Broadway','New York City',40.793324,-73.972198,'Poor','Poor.png'),(157057,'Chambers Hotel','New York City',40.762905,-73.975349,'Good','Good.png'),(1007724,'Hotel East Houston','New York City',40.722870,-73.989395,'Good','Good.png'),(1025779,'Candlewood Suites New York City Times Square','New York City',40.756332,-73.993050,'Good','Good.png'),(1027901,'Wyndham Garden Hotel Manhattan  Chelsea West','New York City',40.743275,-73.991081,'Good','Good.png'),(1028569,'Greenwich Hotel','New York City',40.719822,-74.009865,'Good','Good.png'),(1048678,'The Hotel 91','New York City',40.713528,-73.993668,'Fair','Fair.png'),(1060157,'BEST WESTERN Bowery Hanbee Hotel','New York City',40.718498,-73.995216,'Good','Good.png'),(1128769,'SIXTY LES','New York City',40.722076,-73.988503,'Fair','Fair.png'),(1146072,'Oakwood at 6th Avenue','New York City',40.748196,-73.988663,'Excellent','Excellent.png'),(1149402,'The Standard  East Village','New York City',40.727749,-73.990852,'Good','Good.png'),(1149404,'Doubletree By Hilton Times Square South','New York City',40.754353,-73.994148,'Good','Good.png'),(1155229,'Royal Park Hotel','New York City',40.795589,-73.972275,'Poor','Poor.png'),(1157456,'Four Points by Sheraton Manhattan SoHo Village','New York City',40.727055,-74.006126,'Good','Good.png'),(1158753,'Ink48 a Kimpton Hotel','New York City',40.764503,-73.996025,'Good','Good.png'),(1158763,'Hampton Inn Manhattan 35th St Empire State Bldg','New York City',40.750416,-73.986313,'Good','Good.png'),(1164645,'Eurostars Wall Street','New York City',40.705681,-74.005867,'Fair','Fair.png'),(1176643,'Central Park House','New York City',40.783958,-73.971909,'Poor','Poor.png'),(1177864,'The GEM Hotel Chelsea','New York City',40.744595,-73.999207,'Good','Good.png'),(1186070,'The Strand Hotel','New York City',40.751293,-73.984894,'Excellent','Excellent.png'),(1199530,'Oxbridge Midtown East Apartments','New York City',40.753712,-73.971588,'Poor','Poor.png'),(1201072,'Ace Hotel New York','New York City',40.745743,-73.988258,'Fair','Fair.png'),(1206876,'Luxurstay B&B','New York City',40.811642,-73.960640,'Poor','Poor.png'),(1207461,'Saint Nicholas Inn','New York City',40.830521,-73.942558,'Fair','Fair.png'),(1214829,'Doubletree Hotel Chelsea New York City','New York City',40.746964,-73.990906,'Fair','Fair.png'),(1217245,'The Sylvan Guest House','New York City',40.834663,-73.939384,'Fair','Fair.png'),(1217376,'The GEM Hotel Hudson Yards  an Ascend Hotel Collection Member','New York City',40.755806,-73.997498,'Fair','Fair.png'),(1218720,'The Standard  High Line','New York City',40.740955,-74.008102,'Fair','Fair.png'),(1218792,'Hilton Garden Inn New York West 35th Street','New York City',40.750443,-73.986565,'Good','Good.png'),(1234559,'Holiday Inn New York City Wall Street','New York City',40.709023,-74.009193,'Fair','Fair.png'),(1235341,'Carvi Hotel New York','New York City',40.758938,-73.969513,'Good','Good.png'),(1237128,'Hotel Indigo New York City  Chelsea','New York City',40.746773,-73.991737,'Good','Good.png'),(1308397,'West 57th Street by Hilton Club','New York City',40.764324,-73.977928,'Good','Good.png'),(1371825,'Smyth a Thompson Hotel','New York City',40.715218,-74.009102,'Excellent','Excellent.png'),(1379306,'Hilton Club New York','New York City',40.762383,-73.979668,'Good','Good.png'),(1383001,'Comfort Inn Manhattan Bridge','New York City',40.716640,-73.994804,'Good','Good.png'),(1390172,'Fairfield Inn & Suites by Marriott New York Manhattan   Times Square','New York City',40.756435,-73.992538,'Good','Good.png'),(1415127,'The French Quarters Guest Apartments','New York City',40.760349,-73.989754,'Excellent','Excellent.png'),(1448670,'Mayor Hotel','New York City',40.714108,-73.993820,'Fair','Fair.png'),(1456411,'Gansevoort Park Avenue NYC','New York City',40.743954,-73.984100,'Good','Good.png'),(1456416,'Trump SoHo New York','New York City',40.725468,-74.005333,'Good','Good.png'),(1456560,'Eventi a Kimpton Hotel','New York City',40.747047,-73.990059,'Good','Good.png'),(1462005,'W New York Downtown','New York City',40.709251,-74.013809,'Good','Good.png'),(1464151,'Four Points by Sheraton Midtown Times Square','New York City',40.756390,-73.992371,'Good','Good.png'),(1465008,'Holiday Inn Express New York City Wall Street','New York City',40.705601,-74.007240,'Fair','Fair.png'),(1465162,'Staybridge Suites Times Square New York City','New York City',40.756538,-73.992790,'Good','Good.png'),(1477775,'The MAve','New York City',40.743538,-73.986229,'Good','Good.png'),(1485603,'Comfort Inn Times Square West','New York City',40.759338,-73.990883,'Good','Good.png'),(1485961,'Andaz Wall Street','New York City',40.705158,-74.008125,'Good','Good.png'),(1486164,'Fairfield Inn & Suites New York Manhattan   Fifth Avenue','New York City',40.751175,-73.984550,'Good','Good.png'),(1500405,'Hampton Inn Manhattan Times Square South','New York City',40.756271,-73.992828,'Good','Good.png'),(1503474,'Distrikt Hotel','New York City',40.756741,-73.992836,'Excellent','Excellent.png'),(1553789,'World Center Hotel','New York City',40.709782,-74.013885,'Good','Good.png'),(1563892,'Flatiron Hotel','New York City',40.744003,-73.989197,'Fair','Fair.png'),(1572980,'Crosby Street Hotel','New York City',40.723034,-73.997414,'Excellent','Excellent.png'),(1575440,'East 73rd and York Ave Apartment','New York City',40.767628,-73.952766,'Fair','Fair.png'),(1583937,'Comfort Inn Lower East Side','New York City',40.720318,-73.988068,'Good','Good.png'),(1595302,'Club Quarters  World Trade Center','New York City',40.709675,-74.014000,'Good','Good.png'),(1601249,'Hilton New York Fashion District','New York City',40.745590,-73.993874,'Good','Good.png'),(1641016,'The Chatwal  A Luxury Collection Hotel  New York','New York City',40.756462,-73.984550,'Good','Good.png'),(1646128,'InterContinental New York Times Square','New York City',40.758572,-73.989548,'Good','Good.png'),(1746459,'The Nolitan Hotel','New York City',40.720631,-73.995354,'Excellent','Excellent.png');
/*!40000 ALTER TABLE `ddScore` ENABLE KEYS */;
UNLOCK TABLES;

--
-- Table structure for table `hotel_info`
--

DROP TABLE IF EXISTS `hotel_info`;
/*!40101 SET @saved_cs_client     = @@character_set_client */;
/*!40101 SET character_set_client = utf8 */;
CREATE TABLE `hotel_info` (
  `HotelID` int(11) NOT NULL,
  `HotelName` varchar(100) NOT NULL,
  `HotelAddress` varchar(100) NOT NULL,
  `City` varchar(40) NOT NULL,
  `State` varchar(40) NOT NULL,
  `Hotel_lat` float(10,6) NOT NULL,
  `Hotel_len` float(10,6) NOT NULL,
  `Reviews` int(11) NOT NULL,
  `ReviewPage` int(11) NOT NULL,
  PRIMARY KEY (`HotelID`)
) ENGINE=InnoDB DEFAULT CHARSET=utf8;
/*!40101 SET character_set_client = @saved_cs_client */;

--
-- Dumping data for table `hotel_info`
--

LOCK TABLES `hotel_info` WRITE;
/*!40000 ALTER TABLE `hotel_info` DISABLE KEYS */;
INSERT INTO `hotel_info` VALUES (75688,'Dream_Midtown','210 West 55th Street','New York City','NY',40.764393,-73.981735,1788,179),(75698,'BEST_WESTERN_PLUS_Seaport_Inn_Downtown','33 Peck Slip','New York City','NY',40.708042,-74.001373,731,74),(75711,'TRYP_by_Wyndham_New_York_Times_Square','234 West 48th Street','New York City','NY',40.760296,-73.986176,183,19),(75737,'Night_Theater_District','132 West 45th Street','New York City','NY',40.757267,-73.984428,1569,157),(80075,'Amsterdam_Court_Hotel','226 West 50th Street','New York City','NY',40.761742,-73.985275,2080,209),(80081,'Chelsea_Inn_17th_Street','46 West 17th Street','New York City','NY',40.738743,-73.994507,367,37),(80083,'Chelsea_Lodge','318 West 20th Street','New York City','NY',40.743904,-74.000900,572,58),(80087,'BEST_WESTERN_PLUS_Hospitality_House','145 East 49th Street','New York City','NY',40.755680,-73.972107,899,90),(80092,'Inn_New_York_City','266 West 71st St.','New York City','NY',40.778797,-73.984566,254,26),(80093,'Murray_Hill_Inn','143 East 30th Street','New York City','NY',40.743736,-73.980621,222,23),(80107,'Roger_Smith_Hotel','501 Lexington Avenue','New York City','NY',40.754784,-73.973167,1259,126),(80110,'The_Roger','131 Madison Avenue','New York City','NY',40.745594,-73.984192,902,91),(80112,'San_Carlos_Hotel','150 East 50th Street','New York City','NY',40.756020,-73.971413,986,99),(93333,'Wolcott_Hotel','4 West 31st Street','New York City','NY',40.746620,-73.986740,1767,177),(93334,'Excelsior_Hotel','45 West 81st Street','New York City','NY',40.783180,-73.973701,1527,153),(93335,'The_Kimberly_Hotel','145 East 50th Street','New York City','NY',40.756287,-73.971405,1205,121),(93337,'Kitano_New_York','66 Park Avenue','New York City','NY',40.749565,-73.979927,857,86),(93338,'Hotel_Beacon','2130 Broadway at 75th Street','New York City','NY',40.780586,-73.981094,2693,270),(93339,'Hilton_Manhattan_East','304 East 42nd Street','New York City','NY',40.749477,-73.971878,1650,166),(93340,'Hotel_Elysee','60 E. 54th St.','New York City','NY',40.759907,-73.973198,2719,272),(93344,'Holiday_Inn_Midtown___57th_St','440 West 57th Street','New York City','NY',40.768326,-73.987320,3125,313),(93345,'Skyline_Hotel','725 10th Avenue','New York City','NY',40.764347,-73.992386,1946,195),(93346,'Salisbury_Hotel','123 West 57th Street','New York City','NY',40.765079,-73.978363,3091,310),(93351,'Cosmopolitan_Hotel_Tribeca','95 West Broadway','New York City','NY',40.715473,-74.008911,1520,153),(93352,'DoubleTree_Suites_by_Hilton_Hotel_New_York_City_Times_Square','1568 Broadway','New York City','NY',40.758957,-73.984505,5789,579),(93356,'New_York_Inn','765 8th Avenue','New York City','NY',40.760345,-73.987823,484,49),(93357,'Park_Savoy','158 W 58th St','New York City','NY',40.765724,-73.978798,529,53),(93358,'Pod_51_Hotel','230 East 51st Street','New York City','NY',40.755760,-73.969093,3744,375),(93359,'Econo_Lodge_Times_Square','302 West 47th Street','New York City','NY',40.760456,-73.987518,894,90),(93364,'Hotel_Deauville','103 East 29th Street','New York City','NY',40.743900,-73.983025,468,47),(93374,'Off_Soho_Suites','11 Rivington Street','New York City','NY',40.721176,-73.992760,209,21),(93376,'Night_Times_Square','157 West 47th Street','New York City','NY',40.759098,-73.983734,2282,229),(93379,'Hotel_17','225 East 17th Street','New York City','NY',40.734928,-73.984558,1116,112),(93380,'The_Aladdin','317 West 45th Street','New York City','NY',40.759743,-73.989197,24,3),(93382,'Washington_Square_Hotel','103 Waverly Place','New York City','NY',40.732494,-73.998726,1031,104),(93383,'6_Columbus_A_SIXTY_Hotel','6 Columbus Circle','New York City','NY',40.767590,-73.983147,643,65),(93390,'Hotel_Belleclaire','250 West 77th Street','New York City','NY',40.782429,-73.981331,2549,255),(93396,'The_Iroquois_New_York','49 W 44th St','New York City','NY',40.755829,-73.982155,2421,243),(93398,'SIXTY_SoHo','60 Thompson Street','New York City','NY',40.723930,-74.003120,257,26),(93401,'Comfort_Inn_Chelsea','18 West 25th Street','New York City','NY',40.743599,-73.989891,519,52),(93419,'The_Carlyle__A_Rosewood_Hotel','35 East 76th Street','New York City','NY',40.774353,-73.963173,544,55),(93421,'Hotel_Carter','250 West 43rd Street','New York City','NY',40.757351,-73.988396,4104,411),(93430,'70_park_avenue_hotel_a_Kimpton_Hotel','70 Park Avenue','New York City','NY',40.749897,-73.979691,1627,163),(93431,'The_Tuscany_A_St_Giles_Boutique_Hotel','120 East 39th Street','New York City','NY',40.749699,-73.978218,1101,111),(93437,'Hotel_Edison_Times_Square','228 West 47th Street','New York City','NY',40.759647,-73.986053,6398,640),(93445,'The_Blakely_New_York','136 West 55th Street','New York City','NY',40.763493,-73.979752,1035,104),(93450,'Grand_Hyatt_New_York','109 East 42nd Street','New York City','NY',40.752041,-73.976379,5731,574),(93452,'Herald_Square_Hotel','19 West 31st Street','New York City','NY',40.747231,-73.987007,1324,133),(93454,'Crowne_Plaza_Times_Square_Manhattan','1605 Broadway','New York City','NY',40.760715,-73.985191,6461,647),(93457,'Hampton_Inn_Manhattan_Times_Square_North','851 Eighth Avenue','New York City','NY',40.763424,-73.985855,3911,392),(93462,'InterContinental_New_York_Barclay','111 East 48th Street','New York City','NY',40.755703,-73.973518,3267,327),(93464,'Le_Parker_Meridien_New_York','119 West 56th Street','New York City','NY',40.764175,-73.978485,4365,437),(93466,'Doubletree_Hotel_Metropolitan_New_York_City','569 Lexington Avenue','New York City','NY',40.756699,-73.971542,2797,280),(93470,'NH_New_York_Jolly_Madison_Towers','22 East 38th Street','New York City','NY',40.749943,-73.981071,1906,191),(93475,'New_York_Marriott_East_Side','525 Lexington Avenue','New York City','NY',40.755516,-73.972832,1566,157),(93477,'New_York_Marriott_Downtown','85 West Street','New York City','NY',40.709736,-74.014740,1390,140),(93486,'Millennium_Hotel_Broadway','145 W 44th Street','New York City','NY',40.757141,-73.984734,3896,390),(93489,'Murray_Hill_East_Suites','149 East 39th Street','New York City','NY',40.749268,-73.976326,635,64),(93507,'New_York_Marriott_Marquis','1535 Broadway','New York City','NY',40.758373,-73.985474,6850,686),(93516,'Novotel_New_York_Times_Square','226 W 52nd Street','New York City','NY',40.762531,-73.983643,2697,270),(93517,'Paramount_Hotel_Times_Square_New_York','235 W 46th Street','New York City','NY',40.759628,-73.987000,2200,221),(93520,'Park_Central','870 Seventh Avenue at 56th Street','New York City','NY',40.764656,-73.980919,2168,217),(93525,'Sanctuary_Hotel_New_York','132 West 47th Street','New York City','NY',40.758369,-73.983322,3036,304),(93526,'The_Lexington_New_York_City_an_Autograph_Collection_Hotel','511 Lexington Avenue','New York City','NY',40.754856,-73.972992,1716,172),(93534,'Renaissance_New_York_Hotel_Times_Square','Two Times Square','New York City','NY',40.759747,-73.984688,1835,184),(93539,'Riverside_Tower','80 Riverside Drive','New York City','NY',40.785587,-73.981697,498,50),(93545,'The_Manhattan_at_Times_Square_Hotel','790 7th Avenue at 51st Street','New York City','NY',40.762089,-73.982925,3528,353),(93555,'Sheraton_New_York_Times_Square_Hotel','811 7th Avenue on 52nd Street','New York City','NY',40.762421,-73.981804,4330,434),(93559,'The_Sherry_Netherland_Hotel','781 Fifth Avenue','New York City','NY',40.764339,-73.972565,458,46),(93561,'Soho_Grand_Hotel','310 West Broadway','New York City','NY',40.722065,-74.004295,2024,203),(93565,'Hotel_Stanford','43 West 32nd Street','New York City','NY',40.748234,-73.987457,1208,121),(93566,'The_Surrey','20 E. 76th Street','New York City','NY',40.774391,-73.964012,1382,139),(93568,'The_Algonquin_Hotel_Times_Square__Autograph_Collection','59 W 44th St','New York City','NY',40.755901,-73.982346,1522,153),(93569,'The_Belvedere','319 West 48th Street','New York City','NY',40.761749,-73.987930,4112,412),(93571,'Carlton_Hotel__Autograph_Collection','88 Madison Avenue','New York City','NY',40.744396,-73.985695,1710,172),(93575,'The_Franklin','164 E 87th St','New York City','NY',40.779762,-73.954529,533,54),(93579,'Park_Lane_Hotel','36 Central Park South','New York City','NY',40.764877,-73.975342,3826,383),(93581,'The_Inn_at_Irving_Place','56 Irving Place','New York City','NY',40.735966,-73.987106,54,6),(93583,'The_Lombardy','111 East 56th Street','New York City','NY',40.760685,-73.970360,295,30),(93585,'Lowell_Hotel','28 East 63rd Street','New York City','NY',40.765713,-73.969246,174,18),(93586,'The_Mansfield','12 West 44th Street','New York City','NY',40.754745,-73.980843,1447,145),(93589,'The_Michelangelo_Hotel','152 West 51st Street','New York City','NY',40.761528,-73.982613,2091,210),(93593,'The_Westin_New_York_Grand_Central','212 East 42nd Street','New York City','NY',40.750370,-73.973953,1966,197),(93603,'The_Pierre__A_Taj_Hotel__New_York','2 East 61st Street at Fifth Avenue','New York City','NY',40.765244,-73.972000,896,90),(93606,'Hotel_Plaza_Athenee_New_York','37 E 64th St near Madison Ave','New York City','NY',40.766708,-73.968307,410,42),(93607,'Loews_Regency_New_York_Hotel','540 Park Avenue','New York City','NY',40.764549,-73.969215,687,69),(93610,'Royalton_New_York_Hotel','44 West 44th Street','New York City','NY',40.755398,-73.982376,1655,166),(93612,'Shoreham','33 West 55th Street','New York City','NY',40.762501,-73.976357,1282,129),(93614,'The_St._Regis_New_York','2 East 55th Street, at Fifth Avenue','New York City','NY',40.761303,-73.974808,213,22),(93618,'Waldorf_Astoria_New_York','301 Park Avenue','New York City','NY',40.756725,-73.974060,8379,838),(93622,'Travel_Inn_Hotel_New_York','515 W 42nd St','New York City','NY',40.760162,-73.996094,1486,149),(93623,'Trump_International_Hotel_and_Tower_New_York','1 Central Park West','New York City','NY',40.769096,-73.981598,827,83),(93624,'The_Towers_of_the_Waldorf_Astoria','100 East 50th St','New York City','NY',40.756599,-73.973404,1132,114),(93625,'Hotel_Wales','1295 Madison Avenue','New York City','NY',40.784771,-73.955666,530,54),(99281,'The_Lucerne_Hotel','201 West 79th Street','New York City','NY',40.783527,-73.978409,1821,183),(99287,'Graffiti_Hostel','237 West 107th Street','New York City','NY',40.801819,-73.966873,196,20),(99288,'NYLO_New_York_City','2178 Broadway','New York City','NY',40.782127,-73.980606,1718,172),(99302,'The_Bentley_Hotel','500 East 62nd Street','New York City','NY',40.760216,-73.958206,2062,207),(99307,'Wellington_Hotel','871 7th Avenue at W 55th St','New York City','NY',40.764351,-73.980659,5029,503),(99321,'The_Manhattan_Club','200 West 56th Street','New York City','NY',40.764805,-73.981232,956,96),(99327,'Fitzpatrick_Grand_Central_Hotel','141 East 44th Street','New York City','NY',40.752762,-73.974503,1546,155),(99332,'Ameritania_Hotel','230 West 54th Street','New York City','NY',40.764023,-73.982834,2906,291),(99333,'Washington_Jefferson_Hotel','318 West 51st Street','New York City','NY',40.763309,-73.986816,1264,127),(99352,'Hilton_Garden_Inn_Times_Square','790 Eighth Avenue','New York City','NY',40.761364,-73.986458,5239,524),(99354,'Moderne_Hotel','243 West 55th Street','New York City','NY',40.765293,-73.983208,1199,120),(99357,'Mayfair_Hotel','242 West 49th Street','New York City','NY',40.761246,-73.985954,642,65),(99365,'Da_Vinci_Hotel','244 West 56th Street','New York City','NY',40.765682,-73.982971,443,45),(99368,'Courtyard_New_York_Manhattan_Times_Square','114 West 40th Street','New York City','NY',40.753780,-73.986336,1169,117),(99371,'Courtyard_New_York_Manhattan_Midtown_East','866 3rd Avenue','New York City','NY',40.757519,-73.969948,1772,178),(99382,'The_Marcel_at_Gramercy','201 East 24th Street','New York City','NY',40.739483,-73.982323,1935,194),(99387,'Avalon_Hotel','16 East 32nd Street','New York City','NY',40.746655,-73.984489,1047,105),(99388,'Ramada_New_York_Eastside','161 Lexington Avenue','New York City','NY',40.743893,-73.981209,1130,114),(99389,'The_Evelyn','7 East 27th Street','New York City','NY',40.743961,-73.987122,1139,114),(99391,'Courtyard_by_Marriott_New_York_Manhattan_Fifth_Avenue','3 East 40th Street','New York City','NY',40.752068,-73.981094,646,65),(99392,'Hotel_Metro','45 W 35th St','New York City','NY',40.750122,-73.986000,3062,307),(99425,'Radisson_Martinique_on_Broadway','49 West 32nd Street','New York City','NY',40.748310,-73.987831,2554,256),(99443,'Astor_on_the_Park','465 Central Park West','New York City','NY',40.798580,-73.960129,1247,125),(99447,'Comfort_Inn_Central_Park_West','31 West 71st Street','New York City','NY',40.776134,-73.977654,866,87),(99762,'Hotel_Giraffe','365 Park Ave S','New York City','NY',40.742134,-73.984497,2591,260),(99766,'The_Roosevelt_Hotel','45 East 45th Street at Madison Avenue','New York City','NY',40.754929,-73.977180,6011,602),(99774,'La_Quinta_Inn_Manhattan','17 West 32nd St','New York City','NY',40.747833,-73.986511,1793,180),(112019,'Chelsea_Savoy_Hotel','204 West 23rd Street','New York City','NY',40.744007,-73.996048,405,41),(112021,'Broadway_at_Times_Square_Hotel','129 West 46th Street','New York City','NY',40.758183,-73.983566,1638,164),(112039,'Hotel_Newton','2528 Broadway','New York City','NY',40.793736,-73.972153,1212,122),(112041,'Larchmont_Hotel','27 West 11th Street','New York City','NY',40.734653,-73.996101,426,43),(112052,'The_Mark','Madison Avenue at 77th Street','New York City','NY',40.775326,-73.963287,524,53),(112053,'The_Mercer_Hotel','147 Mercer St','New York City','NY',40.724930,-73.998650,229,23),(112062,'The_Time','224 West 49th Street','New York City','NY',40.760979,-73.985504,1473,148),(112064,'Warwick_New_York_Hotel','65 West 54th Street','New York City','NY',40.762424,-73.978180,3014,302),(112066,'W_New_York','541 Lexington Avenue','New York City','NY',40.756058,-73.972282,3221,323),(113298,'Four_Seasons_Hotel_New_York','57 East 57th Street','New York City','NY',40.762325,-73.971283,864,87),(113300,'Omni_Berkshire_Place','21 E 52nd St','New York City','NY',40.759403,-73.974831,2616,262),(113309,'Fitzpatrick__Manhattan','687 Lexington Avenue','New York City','NY',40.760487,-73.969162,795,80),(113311,'The_Peninsula_New_York','700 Fifth Avenue at 55th Street','New York City','NY',40.761463,-73.975601,736,74),(113317,'Casablanca_Hotel_Times_Square','147 West 43rd Street','New York City','NY',40.756596,-73.985275,4212,422),(113329,'Morgans_New_York_Hotel','237 Madison Ave','New York City','NY',40.749935,-73.980988,1576,158),(113343,'Marrakech_Hotel_on_Broadway','2688 Broadway','New York City','NY',40.798702,-73.968369,1221,123),(121981,'Americana_Inn','69 West 38th Street','New York City','NY',40.752258,-73.985519,571,58),(121987,'The_Milburn_Hotel','242 West 76th Street','New York City','NY',40.781933,-73.981941,933,94),(121991,'Seton_Hotel','144 East 40th Street','New York City','NY',40.749683,-73.976082,537,54),(121996,'The_Gregory','42 West 35th Street','New York City','NY',40.749783,-73.986046,52,6),(121998,'The_Marmara_Manhattan','301 East 94th Street','New York City','NY',40.783005,-73.947571,670,68),(122004,'Phillips_Club','155 West 66th Street','New York City','NY',40.774471,-73.982971,49,5),(122005,'Wyndham_New_Yorker_Hotel','481 Eighth Ave','New York City','NY',40.752705,-73.993477,7895,790),(122007,'Manhattan_Broadway_Hotel','273 West 38th Street','New York City','NY',40.754772,-73.991066,527,53),(122011,'Hotel_Riverview','113 Jane Street','New York City','NY',40.738140,-74.008415,24,3),(122014,'Gild_Hall_A_Thompson_Hotel','15 Gold Street, Main Entrance on Platt Street','New York City','NY',40.707962,-74.007179,1085,109),(122015,'Hotel_Grand_Union','34 East 32nd Street','New York City','NY',40.746025,-73.983307,369,37),(122020,'Chelsea_Pines_Inn','317 West 14th Street','New York City','NY',40.740364,-74.003426,1785,179),(122022,'Box_Tree_Inn','250 East 49th Street','New York City','NY',40.754391,-73.969292,7,1),(125274,'Martha_Washington_Hotel','29 East 29th Street','New York City','NY',40.744503,-73.984596,523,53),(126257,'Hotel_31','120 East 31 Street','New York City','NY',40.744553,-73.981812,1238,124),(126260,'Lotte_New_York_Palace','455 Madison Avenue','New York City','NY',40.757927,-73.976212,1704,171),(142114,'Days_Inn_Hotel_New_York_City_Broadway','215 W 94th St & Broadway','New York City','NY',40.793324,-73.972198,1405,141),(157057,'Chambers_Hotel','15 W 56th Street','New York City','NY',40.762905,-73.975349,447,45),(194238,'The_Court_A_St_Giles_Premier_Hotel','130 East 39th Street','New York City','NY',40.749531,-73.977791,1487,149),(208452,'Conrad_New_York','102 North End Avenue','New York City','NY',40.715008,-74.015259,2046,205),(208453,'Hilton_Times_Square','234 West 42nd Street','New York City','NY',40.756504,-73.988976,4592,460),(208454,'Sofitel_New_York','45 West 44th Street','New York City','NY',40.755844,-73.982002,4996,500),(208455,'Tribeca_Grand_Hotel','2 Avenue of the Americas','New York City','NY',40.719383,-74.004921,1360,137),(208888,'Riff_Chelsea','300 W 30th St at 8th Ave','New York City','NY',40.749657,-73.995850,80,9),(209382,'ONE_UN_New_York','One United Nations Plaza','New York City','NY',40.750542,-73.969337,2272,228),(214197,'Hotel_Pennsylvania_New_York','401 Seventh Avenue at 33rd Street','New York City','NY',40.750034,-73.991226,10662,1067),(217613,'Chocolat_Hostel','850 West End Avenue','New York City','NY',40.798710,-73.970352,215,22),(217616,'The_Muse_Hotel_New_York','130 West 46th Street','New York City','NY',40.757782,-73.983772,2501,251),(217622,'Eurostars_Dylan_Hotel','52 East 41st Street','New York City','NY',40.751633,-73.979095,668,67),(217623,'Club_Quarters_Hotel__Wall_Street','52 William Street','New York City','NY',40.706718,-74.008820,935,94),(217626,'The_Benjamin','125 East 50th Street','New York City','NY',40.756599,-73.971977,2039,204),(217627,'Belnord_Hotel','209 West 87th Street','New York City','NY',40.788902,-73.975105,882,89),(217629,'3_West_Club','3 West 51st St','New York City','NY',40.759720,-73.977303,68,7),(217630,'414_Hotel','414 W 46th St','New York City','NY',40.761272,-73.991745,740,75),(219622,'Chelsea_Hotel','222 W 23rd St','New York City','NY',40.744453,-73.996803,294,30),(220243,'W_New_York_Union_Square','201 Park Avenue South','New York City','NY',40.736534,-73.988625,1135,114),(222959,'The_Ritz_Carlton_New_York__Battery_Park','2 West Street','New York City','NY',40.705566,-74.017471,1408,141),(223019,'Broadway_Plaza_Hotel','1155 Broadway','New York City','NY',40.744488,-73.989143,1044,105),(223021,'Club_Quarters__Midtown','40 West 45th Street','New York City','NY',40.756031,-73.981339,865,87),(223022,'Holiday_Inn_SoHo_New_York','138 Lafayette Street','New York City','NY',40.719151,-74.000244,921,93),(223023,'Hudson_Hotel_New_York','356 West 58th Street','New York City','NY',40.768169,-73.984894,3382,339),(223024,'Hotel_Chandler','12 East 31st Street','New York City','NY',40.746071,-73.985107,2290,230),(224214,'The_Bryant_Park_Hotel','40 West 40th Street','New York City','NY',40.752827,-73.983765,2656,266),(224217,'Clarion_Hotel_Park_Avenue','429 Park Avenue South','New York City','NY',40.743805,-73.983505,357,36),(224221,'Library_Hotel','299 Madison Ave., at 41st St.','New York City','NY',40.752090,-73.979408,3047,305),(224223,'nyma__the_New_York_Manhattan_Hotel','6 W 32nd St','New York City','NY',40.747219,-73.986336,2049,205),(224224,'The_Ritz_Carlton_New_York__Central_Park','50 Central Park South','New York City','NY',40.765274,-73.975800,901,91),(224226,'City_Club_Hotel','55 West 44th Street','New York City','NY',40.755905,-73.982140,586,59),(224229,'Hotel_Riverside_Studios','342 West 71st Street','New York City','NY',40.779510,-73.986572,292,30),(225942,'Park_South_Hotel','124 East 28th Street','New York City','NY',40.742767,-73.983101,1247,125),(234762,'the_Quin','101 West 57th Street','New York City','NY',40.764389,-73.977470,1116,112),(235228,'BEST_WESTERN_Convention_Center_Hotel','522 West 38th Street','New York City','NY',40.757290,-73.998581,569,57),(235238,'W_New_York_Times_Square','1567 Broadway at 47th St','New York City','NY',40.759319,-73.985542,3213,322),(246797,'Park_79_Hotel','117 West 79th Street','New York City','NY',40.782440,-73.975952,1098,110),(247814,'The_Gatsby_Hotel','135 East Houston Street','New York City','NY',40.723087,-73.990250,454,46),(249656,'The_Premier_Hotel','133 W 44th St','New York City','NY',40.756668,-73.985168,333,34),(249710,'Morningside_Inn','235 West 107th Street','New York City','NY',40.801838,-73.966644,636,64),(249711,'The_Hotel_at_Times_Square','59 West 46th Street','New York City','NY',40.757187,-73.981232,2440,245),(249712,'The_Westin_New_York_at_Times_Square','270 West 43rd Street','New York City','NY',40.757683,-73.989090,335,34),(251906,'The_Wall_Street_Inn','9 South William Street','New York City','NY',40.704643,-74.010323,403,41),(254605,'Hotel_41_at_Times_Square','206 West 41st Street','New York City','NY',40.755524,-73.987999,22,3),(260396,'The_Amsterdam_Inn','340 Amsterdam Avenue','New York City','NY',40.781197,-73.979752,109,11),(262330,'Millenium_Hilton','55 Church Street','New York City','NY',40.711224,-74.010338,3216,322),(267182,'Windsor_Hotel','108 Forsyth Street','New York City','NY',40.718689,-73.992531,182,19),(267183,'World_Hotel','101 Bowery','New York City','NY',40.717510,-73.994972,260,27),(268216,'Hampton_Inn_Manhattan_Chelsea','108 West 24th Street','New York City','NY',40.743843,-73.993050,1325,133),(268217,'Oakwood_at_777_6th_Avenue','777 6th Avenue','New York City','NY',40.745010,-73.991272,3,1),(273530,'The_Maritime_Hotel','363 West 16th Street','New York City','NY',40.742447,-74.003906,507,51),(277882,'Hampton_Inn_Manhattan_Seaport_Financial_District','320 Pearl Street','New York City','NY',40.708881,-74.002029,694,70),(281071,'Mandarin_Oriental__New_York','80 Columbus Circle at 60th Street','New York City','NY',40.769009,-73.983009,997,100),(281234,'Four_Points_by_Sheraton_Manhattan_Chelsea','160 West 25th St.','New York City','NY',40.744801,-73.993248,826,83),(281697,'The_Wyndham_Midtown_45','205 East 45th Street','New York City','NY',40.752693,-73.972435,557,56),(284904,'Senton_Hotel','39 West 27 Street','New York City','NY',40.745171,-73.989708,20,3),(287626,'Gansevoort_Meatpacking_NYC','18 9th Avenue','New York City','NY',40.739933,-74.005753,1306,131),(290978,'Hotel_St._James','109 West 45th Street','New York City','NY',40.757092,-73.983543,1958,196),(290982,'La_Semana_Hotel','25 W. 24th St','New York City','NY',40.742908,-73.990761,31,4),(290987,'St._Marks_Hotel','2 St. Marks Place','New York City','NY',40.729317,-73.989700,352,36),(292140,'Sohotel','341 Broome Street','New York City','NY',40.719475,-73.994644,1020,103),(313862,'Soho_House_New_York','35 9th Avenue','New York City','NY',40.740578,-74.005928,201,21),(320562,'YourStay_MidTown_Apartments','50 West 34th Street','New York City','NY',40.749477,-73.987289,51,6),(455186,'JW_Marriott_Essex_House_New_York','160 Central Park South','New York City','NY',40.766178,-73.978516,1071,108),(488793,'Solita_Soho_Hotel','159 Grand Street','New York City','NY',40.719845,-73.998917,355,36),(498869,'Hampton_Inn_Madison_Square_Garden','116 West 31st Street','New York City','NY',40.748028,-73.990173,1351,136),(514488,'Hotel_on_Rivington','107 Rivington Street','New York City','NY',40.719761,-73.988091,991,100),(518280,'Room_Mate_Grace','125 West 45th Street','New York City','NY',40.757481,-73.983803,2103,211),(530265,'Metro_Home___Trump_Park','180 RiverSide Drive','New York City','NY',40.792370,-73.977402,1,1),(540545,'Chelsea_Inn_11th_Avenue','184 11th Avenue','New York City','NY',40.748890,-74.007011,14,2),(550885,'254_East_Vacation','254 East 74th Street','New York City','NY',40.770123,-73.957909,69,7),(557499,'Mount_Royal_Hotel_&_Hostel','315 West 94th Street','New York City','NY',40.794498,-73.974991,62,7),(564851,'Courtyard_by_Marriott_New_York_Manhattan___Upper_East_Side','410 East 92nd Street','New York City','NY',40.780224,-73.946030,480,49),(571166,'Gramercy_Park_Hotel','2 Lexington Avenue','New York City','NY',40.738461,-73.985664,1104,111),(575732,'Renaissance_New_York_Hotel_57','130 E 57th St','New York City','NY',40.760853,-73.969376,934,94),(578305,'Residence_Inn_New_York_Manhattan_Times_Square','1033 Avenue of the Americas','New York City','NY',40.752823,-73.985977,1785,179),(584986,'Holiday_Inn_Express_New_York_City_Fifth_Ave','15 West 45th Street','New York City','NY',40.755802,-73.980392,851,86),(596200,'Quality_Inn_Midtown_West','442 W 36th St','New York City','NY',40.755566,-73.997261,514,52),(601762,'Blue_Moon_Hotel','100 Orchard St','New York City','NY',40.718590,-73.989761,410,42),(607712,'Club_Quarters__opposite_Rockefeller_Center','25 West 51st Street','New York City','NY',40.759987,-73.978233,1001,101),(609602,'Seafarers_&_International_House','123 E. 15th St.','New York City','NY',40.734692,-73.988037,175,18),(611947,'New_York_Hilton_Midtown','1335 Avenue of the Americas','New York City','NY',40.762501,-73.979668,7109,711),(612263,'Hotel_Mela','120 West 44th St','New York City','NY',40.756500,-73.984573,2956,296),(616735,'The_Grant_Hotel','306 W 94th St','New York City','NY',40.794037,-73.974892,41,5),(620040,'Wingate_by_Wyndham_Manhattan_Midtown','235 West 35th Street','New York City','NY',40.752399,-73.991249,1436,144),(620399,'Duane_Street_Hotel','130 Duane Street','New York City','NY',40.716015,-74.007332,450,46),(624442,'Hotel_373_Fifth_Avenue','373 Fifth Avenue','New York City','NY',40.749161,-73.984016,806,81),(630409,'The_London_NYC','151 West 54th Street','New York City','NY',40.763451,-73.980515,2696,270),(630950,'Holiday_Inn_Express_NYC_Madison_Square_Garden','232 West 29th Street','New York City','NY',40.748348,-73.994644,1519,152),(632551,'Hilton_Garden_Inn_New_York_Tribeca','39 Avenue of the Americas','New York City','NY',40.720863,-74.005447,934,94),(634696,'The_Bowery_Hotel','335 Bowery','New York City','NY',40.725933,-73.991508,488,49),(641209,'Hilton_Garden_Inn_New_York_Manhattan_Chelsea','121 West 28th Street','New York City','NY',40.746601,-73.991386,1535,154),(643970,'Broadway_Hotel_and_Hostel','230 West 101 Street','New York City','NY',40.797943,-73.970001,878,88),(655870,'Lafayette_House','38 East 4th Street','New York City','NY',40.727203,-73.992149,43,5),(665814,'The_Soho_Loft','199 Lafayette Street','New York City','NY',40.721268,-73.998016,24,3),(671150,'Empire_Hotel','44 West 63rd Street','New York City','NY',40.771496,-73.982666,3807,381),(673077,'Comfort_Inn_Times_Square_South','305 W 39th St','New York City','NY',40.755638,-73.991638,752,76),(673080,'Holiday_Inn_NYC_Manhattan_6th_Avenue_Chelsea','125 West 26th Street','New York City','NY',40.745377,-73.992249,926,93),(674743,'CITY_ROOMS+_NYC_Soho','120 Lafayette Street','New York City','NY',40.718746,-74.000481,28,3),(675616,'The_Plaza','Fifth Avenue at Central Park South','New York City','NY',40.764469,-73.974487,1413,142),(866615,'Hampton_Inn_Manhattan_SoHo','54 Watts Street','New York City','NY',40.723866,-74.005219,1174,118),(1007724,'Hotel_East_Houston','151 East Houston Street','New York City','NY',40.722870,-73.989395,304,31),(1025779,'Candlewood_Suites_New_York_City_Times_Square','339 W. 39th Street','New York City','NY',40.756332,-73.993050,1476,148),(1027901,'Wyndham_Garden_Hotel_Manhattan__Chelsea_West','37 West 24th Street','New York City','NY',40.743275,-73.991081,1773,178),(1028569,'Greenwich_Hotel','377 Greenwich St.','New York City','NY',40.719822,-74.009865,429,43),(1048678,'The_Hotel_91','91 E Broadway','New York City','NY',40.713528,-73.993668,516,52),(1060157,'BEST_WESTERN_Bowery_Hanbee_Hotel','231 Grand Street','New York City','NY',40.718498,-73.995216,927,93),(1128769,'SIXTY_LES','190 Allen Street','New York City','NY',40.722076,-73.988503,915,92),(1139717,'Holiday_Inn_Express_New_York_City_Times_Square','343 West 39th Street','New York City','NY',40.756290,-73.993210,1578,158),(1146072,'Oakwood_at_6th_Avenue','888 6TH Avenue','New York City','NY',40.748196,-73.988663,44,5),(1149402,'The_Standard__East_Village','25 Cooper Square','New York City','NY',40.727749,-73.990852,426,43),(1149404,'Doubletree_By_Hilton_Times_Square_South','341 West 36th Street','New York City','NY',40.754353,-73.994148,1011,102),(1155229,'Royal_Park_Hotel','258 West 97th Street','New York City','NY',40.795589,-73.972275,423,43),(1157456,'Four_Points_by_Sheraton_Manhattan_SoHo_Village','66 Charlton Street','New York City','NY',40.727055,-74.006126,755,76),(1158753,'Ink48_a_Kimpton_Hotel','653 11th Avenue at 48th','New York City','NY',40.764503,-73.996025,2398,240),(1158763,'Hampton_Inn_Manhattan_35th_St_Empire_State_Bldg','59 W. 35th Street','New York City','NY',40.750416,-73.986313,1273,128),(1164645,'Eurostars_Wall_Street','129 Front St','New York City','NY',40.705681,-74.005867,182,19),(1176643,'Central_Park_House','25 W. 83rd Street','New York City','NY',40.783958,-73.971909,11,2),(1177864,'The_GEM_Hotel_Chelsea','300 W 22nd St','New York City','NY',40.744595,-73.999207,824,83),(1181739,'The_Jane','113 Jane Street','New York City','NY',40.738281,-74.009422,974,98),(1186070,'The_Strand_Hotel','33 West 37 Street','New York City','NY',40.751293,-73.984894,1861,187),(1199530,'Oxbridge_Midtown_East_Apartments','210 E 47th St','New York City','NY',40.753712,-73.971588,11,2),(1201072,'Ace_Hotel_New_York','20 West 29th Street','New York City','NY',40.745743,-73.988258,1344,135),(1206876,'Luxurstay_B&B','West 122nd St.','New York City','NY',40.811642,-73.960640,6,1),(1207461,'Saint_Nicholas_Inn','154th Street','New York City','NY',40.830521,-73.942558,48,5),(1214829,'Doubletree_Hotel_Chelsea_New_York_City','128 West 29th Street','New York City','NY',40.746964,-73.990906,1304,131),(1217245,'The_Sylvan_Guest_House','Sylvan Terrace','New York City','NY',40.834663,-73.939384,27,3),(1217376,'The_GEM_Hotel_Hudson_Yards__an_Ascend_Hotel_Collection_Member','449 W. 36th Street','New York City','NY',40.755806,-73.997498,501,51),(1218720,'The_Standard__High_Line','848 Washington Street','New York City','NY',40.740955,-74.008102,1890,190),(1218792,'Hilton_Garden_Inn_New_York_West_35th_Street','63 West 35th Street','New York City','NY',40.750443,-73.986565,3733,374),(1234559,'Holiday_Inn_New_York_City_Wall_Street','51 Nassau Street','New York City','NY',40.709023,-74.009193,584,59),(1235341,'Carvi_Hotel_New_York','152 East 55th Street','New York City','NY',40.758938,-73.969513,410,42),(1237128,'Hotel_Indigo_New_York_City__Chelsea','127 West 28th Street','New York City','NY',40.746773,-73.991737,1082,109),(1308397,'West_57th_Street_by_Hilton_Club','102 West 57th Street','New York City','NY',40.764324,-73.977928,828,83),(1371825,'Smyth_a_Thompson_Hotel','85 West Broadway','New York City','NY',40.715218,-74.009102,167,17),(1379306,'Hilton_Club_New_York','1335 Avenue of the Americas','New York City','NY',40.762383,-73.979668,355,36),(1383001,'Comfort_Inn_Manhattan_Bridge','61 - 63 Chrystie Street','New York City','NY',40.716640,-73.994804,396,40),(1390172,'Fairfield_Inn_&_Suites_by_Marriott_New_York_Manhattan___Times_Square','330 W. 40th Street','New York City','NY',40.756435,-73.992538,1281,129),(1415127,'The_French_Quarters_Guest_Apartments','346 W. 46th Street','New York City','NY',40.760349,-73.989754,779,78),(1448670,'Mayor_Hotel','79 Division Street','New York City','NY',40.714108,-73.993820,130,14),(1456411,'Gansevoort_Park_Avenue_NYC','420 Park Avenue South','New York City','NY',40.743954,-73.984100,1593,160),(1456416,'Trump_SoHo_New_York','246 Spring Street','New York City','NY',40.725468,-74.005333,2343,235),(1456560,'Eventi_a_Kimpton_Hotel','851 Avenue of the Americas (Sixth Avenue)','New York City','NY',40.747047,-73.990059,2597,260),(1462005,'W_New_York_Downtown','8 Albany Street','New York City','NY',40.709251,-74.013809,844,85),(1464151,'Four_Points_by_Sheraton_Midtown_Times_Square','326 West 40th Street','New York City','NY',40.756390,-73.992371,1439,144),(1465008,'Holiday_Inn_Express_New_York_City_Wall_Street','126 Water Street','New York City','NY',40.705601,-74.007240,368,37),(1465162,'Staybridge_Suites_Times_Square_New_York_City','340 West 40th Street','New York City','NY',40.756538,-73.992790,4142,415),(1477775,'The_MAve','62 Madison Ave','New York City','NY',40.743538,-73.986229,786,79),(1485603,'Comfort_Inn_Times_Square_West','343 W. 44th Street','New York City','NY',40.759338,-73.990883,706,71),(1485961,'Andaz_Wall_Street','75 Wall Street','New York City','NY',40.705158,-74.008125,2186,219),(1486164,'Fairfield_Inn_&_Suites_New_York_Manhattan___Fifth_Avenue','21 West 37th Street','New York City','NY',40.751175,-73.984550,417,42),(1500405,'Hampton_Inn_Manhattan_Times_Square_South','337 West 39th Street','New York City','NY',40.756271,-73.992828,1722,173),(1503474,'Distrikt_Hotel','342 West 40th Street','New York City','NY',40.756741,-73.992836,3909,391),(1553789,'World_Center_Hotel','144 Washington Street','New York City','NY',40.709782,-74.013885,579,58),(1563892,'Flatiron_Hotel','9 West 26th Street','New York City','NY',40.744003,-73.989197,622,63),(1572980,'Crosby_Street_Hotel','79 Crosby Street','New York City','NY',40.723034,-73.997414,570,58),(1575440,'East_73rd_and_York_Ave_Apartment','1374 York Avenue','New York City','NY',40.767628,-73.952766,15,2),(1583937,'Comfort_Inn_Lower_East_Side','136 Ludlow Street','New York City','NY',40.720318,-73.988068,583,59),(1595302,'Club_Quarters__World_Trade_Center','140 Washington Street','New York City','NY',40.709675,-74.014000,958,96),(1601249,'Hilton_New_York_Fashion_District','152 West 26th Street','New York City','NY',40.745590,-73.993874,2489,249),(1641016,'The_Chatwal__A_Luxury_Collection_Hotel__New_York','130 West 44th Street','New York City','NY',40.756462,-73.984550,839,84),(1646128,'InterContinental_New_York_Times_Square','300 W 44th Street','New York City','NY',40.758572,-73.989548,3413,342),(1733337,'Sutton_Court_Hotel_Residences','417 East 57th Street','New York City','NY',40.758259,-73.962143,43,5),(1746459,'The_Nolitan_Hotel','30 Kenmare Street','New York City','NY',40.720631,-73.995354,778,78),(1762573,'Andaz_5th_Avenue','485 5th Avenue','New York City','NY',40.752838,-73.980949,1766,177),(1776857,'Langham_Place__New_York__Fifth_Avenue','400 Fifth Avenue','New York City','NY',40.750263,-73.983765,1511,152),(1783324,'Sheraton_Tribeca_New_York_Hotel','370 Canal Street','New York City','NY',40.721149,-74.004250,1383,139),(1785018,'The_James_New_York','27 Grand St.','New York City','NY',40.722687,-74.004829,1013,102),(1786395,'NOMO_SOHO_Hotel','9 Crosby Street','New York City','NY',40.719814,-74.000069,172,18),(1791248,'Hotel_Mulberry','52 Mulberry St','New York City','NY',40.715252,-73.999474,461,47),(1806062,'Cassa_Hotel_45th_Street_New_York','70 West 45th St','New York City','NY',40.756325,-73.982208,1459,146),(1845644,'Courtyard_New_York_Manhattan_Soho','181 Varick Street','New York City','NY',40.727562,-74.005775,441,45),(1852917,'Element_New_York_Times_Square_West','311 West 39th Street','New York City','NY',40.755684,-73.991943,2828,283),(1858923,'Doubletree_Hotel_New_York_City_Financial_District','8 Stone Street','New York City','NY',40.703922,-74.012253,1429,143),(1878946,'Aloft_Harlem','2296 Frederick Douglass Boulevard','New York City','NY',40.809078,-73.951477,507,51),(1888977,'The_Pearl_Hotel','233 West 49th Street','New York City','NY',40.761482,-73.985474,1747,175),(1913413,'The_Jewel_Facing_Rockefeller_Center','11 West 51 Street','New York City','NY',40.759720,-73.977707,1215,122),(1938661,'Row_NYC_Hotel','700 8th Avenue','New York City','NY',40.758755,-73.988472,5882,589),(1940859,'Hyatt_Herald_Square_New_York','30-32 West 31st Street','New York City','NY',40.746777,-73.987381,256,26),(1949647,'Fairfield_Inn_&_Suites_New_York_Manhattan_Chelsea','116 West 28th Street','New York City','NY',40.746204,-73.991425,555,56),(1963673,'The_Gotham_Hotel','16 East 46th Street','New York City','NY',40.755436,-73.978111,486,49),(1990870,'Elk_Hotel','360 42nd Street','New York City','NY',40.757977,-73.991936,4,1),(2079052,'YOTEL_New_York_at_Times_Square_West','570 10th Ave','New York City','NY',40.759247,-73.995506,7023,703),(2096704,'Hotel_Verite','13 E. 19th Street','New York City','NY',40.738808,-73.990417,154,16),(2148819,'Hotel_48LEX','517 Lexington Avenue','New York City','NY',40.755245,-73.972977,795,80),(2151571,'Hotel_Americano','518 W 27th St','New York City','NY',40.750473,-74.003342,280,29),(2173604,'Dream_Downtown','355 West 16th Street','New York City','NY',40.742214,-74.003220,2414,242),(2253206,'TRYP_by_Wyndham_Times_Square_South','345 West 35th Street','New York City','NY',40.753616,-73.994591,2472,248),(2554351,'Hyatt_Place_New_York_Midtown_South','52-54 W 36th Street','New York City','NY',40.750401,-73.985817,1026,103),(2622936,'Wyndham_Garden_Chinatown','93 Bowery','New York City','NY',40.716980,-73.995216,1213,122),(2643161,'The_NoMad_Hotel','1170 Broadway & 28th Street','New York City','NY',40.744961,-73.988510,560,57),(3168954,'Tribeca_Blu_Hotel','276 Canal Street','New York City','NY',40.719036,-74.001717,300,31),(3235844,'Pod_39_Hotel','145 E 39th Street','New York City','NY',40.749500,-73.976669,2069,207),(3236642,'Holiday_Inn_NYC_Lower_East_Side','150 Delancey Street','New York City','NY',40.718204,-73.986343,456,46),(3344640,'Refinery_Hotel','63 West 38th Street','New York City','NY',40.752342,-73.985191,1898,190),(3502291,'Comfort_Inn_Midtown_West','548 West 48th Street','New York City','NY',40.764320,-73.995010,306,31),(3506933,'Howard_Johnson_Manhattan_Soho','5 Allen St','New York City','NY',40.714752,-73.993057,518,52),(3522780,'The_Jade_Hotel','52 W 13th Street','New York City','NY',40.736156,-73.996635,542,55),(3529145,'Holiday_Inn_Express_Manhattan_Times_Square_South','60 West 36th Street & 6th Ave','New York City','NY',40.750492,-73.986053,664,67),(3533197,'Hyatt_Union_Square_New_York','134 Fourth Aveunue','New York City','NY',40.733383,-73.990250,696,70),(3572583,'Holiday_Inn_Express_New_York_Manhattan_West_Side','538 W 48th St','New York City','NY',40.763992,-73.994560,601,61),(3572587,'Hampton_Inn_Manhattan_United_Nations','231 E 43rd St','New York City','NY',40.750950,-73.972221,813,82),(3580899,'Hampton_Inn_Manhattan__Downtown_Financial','32 Pearl St','New York City','NY',40.708858,-74.002029,240,25),(3583686,'Residence_Inn_New_York_Manhattan_Midtown_East','148 East 48th Street','New York City','NY',40.754715,-73.972557,977,98),(3613090,'Fairfield_Inn_&_Suites_New_York_Midtown_Manhattan_Penn_Station','325 W 33rd St','New York City','NY',40.752155,-73.995155,781,79),(3973287,'BEST_WESTERN_PREMIER_Herald_Square','50 W 36th Street','New York City','NY',40.750336,-73.985680,924,93),(4053109,'SpringHill_Suites_New_York_Midtown_Manhattan_Fifth_Avenue','25 West 37th St','New York City','NY',40.751209,-73.984657,605,61),(4053479,'Courtyard_New_York_Manhattan___Herald_Square','71 West 35th Street','New York City','NY',40.750420,-73.986816,452,46),(4232686,'Viceroy_New_York','120 W 57th Street','New York City','NY',40.764572,-73.978477,623,63),(4274398,'Courtyard_by_Marriott_New_York_Times_Square_West','307 West 37th Street','New York City','NY',40.754539,-73.992599,613,62),(4283443,'The_High_Line_Hotel','180 Tenth Avenue','New York City','NY',40.745949,-74.004997,275,28),(4446427,'Hotel_Boutique_At_Grand_Central','447 Lexington Avenue','New York City','NY',40.752998,-73.974571,179,18),(4451787,'Club_Quarters__Grand_Central','128 East 45th Street','New York City','NY',40.753151,-73.974518,258,26),(4457041,'Fairfield_Inn_&_Suites_New_York_Manhattan_Downtown_East','95 Henry St','New York City','NY',40.713390,-73.992905,163,17),(4702789,'The_Towers_at_Lotte_New_York_Palace','455 Madison Avenue','New York City','NY',40.758076,-73.975365,381,39),(4799063,'Hyatt_Times_Square_New_York','135 West 45th Street','New York City','NY',40.757572,-73.984039,1428,143),(4945551,'WestHouse_Hotel_New_York','201 West 55 Street','New York City','NY',40.764648,-73.981331,780,79),(4972409,'The_Marlton_Hotel','5 West 8th Street','New York City','NY',40.732628,-73.996864,314,32),(5039852,'Courtyard_New_York_Manhattan_Central_Park','1717 Broadway','New York City','NY',40.764133,-73.982491,512,52),(5039880,'Courtyard_New_York_Manhattan_Chelsea','135 West 30th Street','New York City','NY',40.748215,-73.991196,478,48),(5040757,'Homewood_Suites_by_Hilton_New_York_Midtown_Manhattan_Times_Square_South__NY','312 West 37th Street','New York City','NY',40.754269,-73.993080,938,94),(5072714,'The_Broome','431 Broome Street','New York City','NY',40.721371,-73.999344,173,18),(5550873,'Archer_Hotel_New_York','45 West 38th Street','New York City','NY',40.752014,-73.984726,1287,129),(5786212,'Hilton_Garden_Inn_New_York_Central_Park_South_Midtown_West','237 West 54th Street','New York City','NY',40.764530,-73.983070,1129,113),(5888246,'Comfort_Inn_Near_Financial_District','154 Madison Street','New York City','NY',40.712215,-73.992691,62,7),(5960548,'Hilton_Garden_Inn_New_York_Manhattan_Midtown_East','206 East 52nd Street','New York City','NY',40.756641,-73.969437,639,64),(6023925,'Residence_Inn_New_York_Manhattan_Central_Park','1717 Broadway','New York City','NY',40.764374,-73.982704,537,54),(6201200,'The_Lex_NYC','67 Lexington Avenue','New York City','NY',40.740948,-73.983437,370,38),(6219365,'Hotel_Hugo','525 Greenwich Street','New York City','NY',40.726334,-74.009003,611,62),(6385164,'citizenM_New_York_Times_Square','218 West 50th Street','New York City','NY',40.761513,-73.984955,1214,122),(6407567,'Hilton_Garden_Inn_New_York_Times_Square_Central','136 West 42nd Street','New York City','NY',40.755192,-73.985977,558,56),(6510520,'Hilton_Garden_Inn_New_York_Midtown_Park_Ave','45 East 33rd Street','New York City','NY',40.746838,-73.982391,314,32),(6555841,'The_Leon_Hotel','125 Canal Street','New York City','NY',40.716076,-73.995216,222,23),(6582176,'Park_Hyatt_New_York','153 West 57th Street','New York City','NY',40.765385,-73.978958,426,43),(6727310,'The_Ludlow_New_York_City','180 Ludlow Street','New York City','NY',40.721848,-73.986977,285,29),(6733290,'Hotel_32_32','32 East 32nd Street','New York City','NY',40.746117,-73.983376,154,16),(6776714,'Club_Quarters_The_Annex_at_Rockefeller_Center','11 West 51st Street','New York City','NY',40.759785,-73.977638,14,2),(6877735,'Fairfield_Inn_New_York_Manhattan___Financial_District','161 Front Street','New York City','NY',40.705917,-74.004997,73,8),(6883205,'1_Hotel_Central_Park','1414 Avenue of the Americas','New York City','NY',40.764656,-73.976738,87,9),(7014966,'Holiday_Inn_Manhattan_Financial_District','99 Washington Street','New York City','NY',40.708248,-74.014114,394,40),(7130807,'Cambria_Hotel_&_Suites_New_York_Chelsea','123 W 28th Street','New York City','NY',40.746708,-73.991577,170,18),(7148761,'Cassa_Hotel_Times_Square','515 Ninth Avenue','New York City','NY',40.756424,-73.994705,375,38),(7182733,'The_Paul','32 West 29th Street','New York City','NY',40.746178,-73.989090,150,16),(7182804,'Residence_Inn_New_York_Manhattan_World_Trade_Center_Area','170 Broadway at 4 Maiden Lane','New York City','NY',40.709801,-74.009987,202,21),(7196011,'Comfort_Inn_Sunset_Park___Park_Slope','353 38th Street','New York City','NY',40.653271,-74.006973,14,2),(7255276,'The_Knickerbocker','6 Times Square','New York City','NY',40.755596,-73.986267,377,38),(7314002,'Baccarat_Hotel_&_Residences_New_York','28 West 53rd Street','New York City','NY',40.761280,-73.977638,62,7),(7737096,'Holiday_Inn_New_York_Times_Square_South','585 8TH Ave','New York City','NY',40.755230,-73.991714,12,2),(7787303,'The_New_York_EDITION','5 Madison Ave','New York City','NY',40.741291,-73.987038,97,10),(7816364,'Hotel_Le_Soleil','38 W 36th Street','New York City','NY',40.750362,-73.985489,43,5),(7939016,'Orchard_Street_Hotel','163 Orchard Street','New York City','NY',40.721165,-73.988937,42,5),(8035866,'Hampton_Inn_Manhattan_Times_Square_Central','220 West 41st Street','New York City','NY',40.755661,-73.988571,135,14);
/*!40000 ALTER TABLE `hotel_info` ENABLE KEYS */;
UNLOCK TABLES;

--
-- Table structure for table `mytable`
--

DROP TABLE IF EXISTS `mytable`;
/*!40101 SET @saved_cs_client     = @@character_set_client */;
/*!40101 SET character_set_client = utf8 */;
CREATE TABLE `mytable` (
  `FIELD1` int(11) NOT NULL,
  `FIELD2` varchar(75) NOT NULL,
  `FIELD3` varchar(45) NOT NULL,
  `FIELD4` varchar(13) NOT NULL,
  `FIELD5` varchar(2) NOT NULL,
  `FIELD6` int(11) NOT NULL,
  `FIELD7` int(11) NOT NULL,
  `FIELD8` int(11) NOT NULL,
  `FIELD9` int(11) NOT NULL,
  PRIMARY KEY (`FIELD1`)
) ENGINE=InnoDB DEFAULT CHARSET=utf8;
/*!40101 SET character_set_client = @saved_cs_client */;

--
-- Dumping data for table `mytable`
--

LOCK TABLES `mytable` WRITE;
/*!40000 ALTER TABLE `mytable` DISABLE KEYS */;
INSERT INTO `mytable` VALUES (75688,'Dream_Midtown','210 West 55th Street','New York City','NY',41,-74,1788,179),(75698,'BEST_WESTERN_PLUS_Seaport_Inn_Downtown','33 Peck Slip','New York City','NY',41,-74,731,74),(75711,'TRYP_by_Wyndham_New_York_Times_Square','234 West 48th Street','New York City','NY',41,-74,183,19),(75737,'Night_Theater_District','132 West 45th Street','New York City','NY',41,-74,1569,157),(80075,'Amsterdam_Court_Hotel','226 West 50th Street','New York City','NY',41,-74,2080,209),(80081,'Chelsea_Inn_17th_Street','46 West 17th Street','New York City','NY',41,-74,367,37),(80083,'Chelsea_Lodge','318 West 20th Street','New York City','NY',41,-74,572,58),(80087,'BEST_WESTERN_PLUS_Hospitality_House','145 East 49th Street','New York City','NY',41,-74,899,90),(80092,'Inn_New_York_City','266 West 71st St.','New York City','NY',41,-74,254,26),(80093,'Murray_Hill_Inn','143 East 30th Street','New York City','NY',41,-74,222,23),(80107,'Roger_Smith_Hotel','501 Lexington Avenue','New York City','NY',41,-74,1259,126),(80110,'The_Roger','131 Madison Avenue','New York City','NY',41,-74,902,91),(80112,'San_Carlos_Hotel','150 East 50th Street','New York City','NY',41,-74,986,99),(93333,'Wolcott_Hotel','4 West 31st Street','New York City','NY',41,-74,1767,177),(93334,'Excelsior_Hotel','45 West 81st Street','New York City','NY',41,-74,1527,153),(93335,'The_Kimberly_Hotel','145 East 50th Street','New York City','NY',41,-74,1205,121),(93337,'Kitano_New_York','66 Park Avenue','New York City','NY',41,-74,857,86),(93338,'Hotel_Beacon','2130 Broadway at 75th Street','New York City','NY',41,-74,2693,270),(93339,'Hilton_Manhattan_East','304 East 42nd Street','New York City','NY',41,-74,1650,166),(93340,'Hotel_Elysee','60 E. 54th St.','New York City','NY',41,-74,2719,272),(93344,'Holiday_Inn_Midtown___57th_St','440 West 57th Street','New York City','NY',41,-74,3125,313),(93345,'Skyline_Hotel','725 10th Avenue','New York City','NY',41,-74,1946,195),(93346,'Salisbury_Hotel','123 West 57th Street','New York City','NY',41,-74,3091,310),(93351,'Cosmopolitan_Hotel_Tribeca','95 West Broadway','New York City','NY',41,-74,1520,153),(93352,'DoubleTree_Suites_by_Hilton_Hotel_New_York_City_Times_Square','1568 Broadway','New York City','NY',41,-74,5789,579),(93356,'New_York_Inn','765 8th Avenue','New York City','NY',41,-74,484,49),(93357,'Park_Savoy','158 W 58th St','New York City','NY',41,-74,529,53),(93358,'Pod_51_Hotel','230 East 51st Street','New York City','NY',41,-74,3744,375),(93359,'Econo_Lodge_Times_Square','302 West 47th Street','New York City','NY',41,-74,894,90),(93364,'Hotel_Deauville','103 East 29th Street','New York City','NY',41,-74,468,47),(93374,'Off_Soho_Suites','11 Rivington Street','New York City','NY',41,-74,209,21),(93376,'Night_Times_Square','157 West 47th Street','New York City','NY',41,-74,2282,229),(93379,'Hotel_17','225 East 17th Street','New York City','NY',41,-74,1116,112),(93380,'The_Aladdin','317 West 45th Street','New York City','NY',41,-74,24,3),(93382,'Washington_Square_Hotel','103 Waverly Place','New York City','NY',41,-74,1031,104),(93383,'6_Columbus_A_SIXTY_Hotel','6 Columbus Circle','New York City','NY',41,-74,643,65),(93390,'Hotel_Belleclaire','250 West 77th Street','New York City','NY',41,-74,2549,255),(93396,'The_Iroquois_New_York','49 W 44th St','New York City','NY',41,-74,2421,243),(93398,'SIXTY_SoHo','60 Thompson Street','New York City','NY',41,-74,257,26),(93401,'Comfort_Inn_Chelsea','18 West 25th Street','New York City','NY',41,-74,519,52),(93419,'The_Carlyle__A_Rosewood_Hotel','35 East 76th Street','New York City','NY',41,-74,544,55),(93421,'Hotel_Carter','250 West 43rd Street','New York City','NY',41,-74,4104,411),(93430,'70_park_avenue_hotel_a_Kimpton_Hotel','70 Park Avenue','New York City','NY',41,-74,1627,163),(93431,'The_Tuscany_A_St_Giles_Boutique_Hotel','120 East 39th Street','New York City','NY',41,-74,1101,111),(93437,'Hotel_Edison_Times_Square','228 West 47th Street','New York City','NY',41,-74,6398,640),(93445,'The_Blakely_New_York','136 West 55th Street','New York City','NY',41,-74,1035,104),(93450,'Grand_Hyatt_New_York','109 East 42nd Street','New York City','NY',41,-74,5731,574),(93452,'Herald_Square_Hotel','19 West 31st Street','New York City','NY',41,-74,1324,133),(93454,'Crowne_Plaza_Times_Square_Manhattan','1605 Broadway','New York City','NY',41,-74,6461,647),(93457,'Hampton_Inn_Manhattan_Times_Square_North','851 Eighth Avenue','New York City','NY',41,-74,3911,392),(93462,'InterContinental_New_York_Barclay','111 East 48th Street','New York City','NY',41,-74,3267,327),(93464,'Le_Parker_Meridien_New_York','119 West 56th Street','New York City','NY',41,-74,4365,437),(93466,'Doubletree_Hotel_Metropolitan_New_York_City','569 Lexington Avenue','New York City','NY',41,-74,2797,280),(93470,'NH_New_York_Jolly_Madison_Towers','22 East 38th Street','New York City','NY',41,-74,1906,191),(93475,'New_York_Marriott_East_Side','525 Lexington Avenue','New York City','NY',41,-74,1566,157),(93477,'New_York_Marriott_Downtown','85 West Street','New York City','NY',41,-74,1390,140),(93486,'Millennium_Hotel_Broadway','145 W 44th Street','New York City','NY',41,-74,3896,390),(93489,'Murray_Hill_East_Suites','149 East 39th Street','New York City','NY',41,-74,635,64),(93507,'New_York_Marriott_Marquis','1535 Broadway','New York City','NY',41,-74,6850,686),(93516,'Novotel_New_York_Times_Square','226 W 52nd Street','New York City','NY',41,-74,2697,270),(93517,'Paramount_Hotel_Times_Square_New_York','235 W 46th Street','New York City','NY',41,-74,2200,221),(93520,'Park_Central','870 Seventh Avenue at 56th Street','New York City','NY',41,-74,2168,217),(93525,'Sanctuary_Hotel_New_York','132 West 47th Street','New York City','NY',41,-74,3036,304),(93526,'The_Lexington_New_York_City_an_Autograph_Collection_Hotel','511 Lexington Avenue','New York City','NY',41,-74,1716,172),(93534,'Renaissance_New_York_Hotel_Times_Square','Two Times Square','New York City','NY',41,-74,1835,184),(93539,'Riverside_Tower','80 Riverside Drive','New York City','NY',41,-74,498,50),(93545,'The_Manhattan_at_Times_Square_Hotel','790 7th Avenue at 51st Street','New York City','NY',41,-74,3528,353),(93555,'Sheraton_New_York_Times_Square_Hotel','811 7th Avenue on 52nd Street','New York City','NY',41,-74,4330,434),(93559,'The_Sherry_Netherland_Hotel','781 Fifth Avenue','New York City','NY',41,-74,458,46),(93561,'Soho_Grand_Hotel','310 West Broadway','New York City','NY',41,-74,2024,203),(93565,'Hotel_Stanford','43 West 32nd Street','New York City','NY',41,-74,1208,121),(93566,'The_Surrey','20 E. 76th Street','New York City','NY',41,-74,1382,139),(93568,'The_Algonquin_Hotel_Times_Square__Autograph_Collection','59 W 44th St','New York City','NY',41,-74,1522,153),(93569,'The_Belvedere','319 West 48th Street','New York City','NY',41,-74,4112,412),(93571,'Carlton_Hotel__Autograph_Collection','88 Madison Avenue','New York City','NY',41,-74,1710,172),(93575,'The_Franklin','164 E 87th St','New York City','NY',41,-74,533,54),(93579,'Park_Lane_Hotel','36 Central Park South','New York City','NY',41,-74,3826,383),(93581,'The_Inn_at_Irving_Place','56 Irving Place','New York City','NY',41,-74,54,6),(93583,'The_Lombardy','111 East 56th Street','New York City','NY',41,-74,295,30),(93585,'Lowell_Hotel','28 East 63rd Street','New York City','NY',41,-74,174,18),(93586,'The_Mansfield','12 West 44th Street','New York City','NY',41,-74,1447,145),(93589,'The_Michelangelo_Hotel','152 West 51st Street','New York City','NY',41,-74,2091,210),(93593,'The_Westin_New_York_Grand_Central','212 East 42nd Street','New York City','NY',41,-74,1966,197),(93603,'The_Pierre__A_Taj_Hotel__New_York','2 East 61st Street at Fifth Avenue','New York City','NY',41,-74,896,90),(93606,'Hotel_Plaza_Athenee_New_York','37 E 64th St near Madison Ave','New York City','NY',41,-74,410,42),(93607,'Loews_Regency_New_York_Hotel','540 Park Avenue','New York City','NY',41,-74,687,69),(93610,'Royalton_New_York_Hotel','44 West 44th Street','New York City','NY',41,-74,1655,166),(93612,'Shoreham','33 West 55th Street','New York City','NY',41,-74,1282,129),(93614,'The_St._Regis_New_York','2 East 55th Street, at Fifth Avenue','New York City','NY',41,-74,213,22),(93618,'Waldorf_Astoria_New_York','301 Park Avenue','New York City','NY',41,-74,8379,838),(93622,'Travel_Inn_Hotel_New_York','515 W 42nd St','New York City','NY',41,-74,1486,149),(93623,'Trump_International_Hotel_and_Tower_New_York','1 Central Park West','New York City','NY',41,-74,827,83),(93624,'The_Towers_of_the_Waldorf_Astoria','100 East 50th St','New York City','NY',41,-74,1132,114),(93625,'Hotel_Wales','1295 Madison Avenue','New York City','NY',41,-74,530,54),(99281,'The_Lucerne_Hotel','201 West 79th Street','New York City','NY',41,-74,1821,183),(99287,'Graffiti_Hostel','237 West 107th Street','New York City','NY',41,-74,196,20),(99288,'NYLO_New_York_City','2178 Broadway','New York City','NY',41,-74,1718,172),(99302,'The_Bentley_Hotel','500 East 62nd Street','New York City','NY',41,-74,2062,207),(99307,'Wellington_Hotel','871 7th Avenue at W 55th St','New York City','NY',41,-74,5029,503),(99321,'The_Manhattan_Club','200 West 56th Street','New York City','NY',41,-74,956,96),(99327,'Fitzpatrick_Grand_Central_Hotel','141 East 44th Street','New York City','NY',41,-74,1546,155),(99332,'Ameritania_Hotel','230 West 54th Street','New York City','NY',41,-74,2906,291),(99333,'Washington_Jefferson_Hotel','318 West 51st Street','New York City','NY',41,-74,1264,127),(99352,'Hilton_Garden_Inn_Times_Square','790 Eighth Avenue','New York City','NY',41,-74,5239,524),(99354,'Moderne_Hotel','243 West 55th Street','New York City','NY',41,-74,1199,120),(99357,'Mayfair_Hotel','242 West 49th Street','New York City','NY',41,-74,642,65),(99365,'Da_Vinci_Hotel','244 West 56th Street','New York City','NY',41,-74,443,45),(99368,'Courtyard_New_York_Manhattan_Times_Square','114 West 40th Street','New York City','NY',41,-74,1169,117),(99371,'Courtyard_New_York_Manhattan_Midtown_East','866 3rd Avenue','New York City','NY',41,-74,1772,178),(99382,'The_Marcel_at_Gramercy','201 East 24th Street','New York City','NY',41,-74,1935,194),(99387,'Avalon_Hotel','16 East 32nd Street','New York City','NY',41,-74,1047,105),(99388,'Ramada_New_York_Eastside','161 Lexington Avenue','New York City','NY',41,-74,1130,114),(99389,'The_Evelyn','7 East 27th Street','New York City','NY',41,-74,1139,114),(99391,'Courtyard_by_Marriott_New_York_Manhattan_Fifth_Avenue','3 East 40th Street','New York City','NY',41,-74,646,65),(99392,'Hotel_Metro','45 W 35th St','New York City','NY',41,-74,3062,307),(99425,'Radisson_Martinique_on_Broadway','49 West 32nd Street','New York City','NY',41,-74,2554,256),(99443,'Astor_on_the_Park','465 Central Park West','New York City','NY',41,-74,1247,125),(99447,'Comfort_Inn_Central_Park_West','31 West 71st Street','New York City','NY',41,-74,866,87),(99762,'Hotel_Giraffe','365 Park Ave S','New York City','NY',41,-74,2591,260),(99766,'The_Roosevelt_Hotel','45 East 45th Street at Madison Avenue','New York City','NY',41,-74,6011,602),(99774,'La_Quinta_Inn_Manhattan','17 West 32nd St','New York City','NY',41,-74,1793,180),(112019,'Chelsea_Savoy_Hotel','204 West 23rd Street','New York City','NY',41,-74,405,41),(112021,'Broadway_at_Times_Square_Hotel','129 West 46th Street','New York City','NY',41,-74,1638,164),(112039,'Hotel_Newton','2528 Broadway','New York City','NY',41,-74,1212,122),(112041,'Larchmont_Hotel','27 West 11th Street','New York City','NY',41,-74,426,43),(112052,'The_Mark','Madison Avenue at 77th Street','New York City','NY',41,-74,524,53),(112053,'The_Mercer_Hotel','147 Mercer St','New York City','NY',41,-74,229,23),(112062,'The_Time','224 West 49th Street','New York City','NY',41,-74,1473,148),(112064,'Warwick_New_York_Hotel','65 West 54th Street','New York City','NY',41,-74,3014,302),(112066,'W_New_York','541 Lexington Avenue','New York City','NY',41,-74,3221,323),(113298,'Four_Seasons_Hotel_New_York','57 East 57th Street','New York City','NY',41,-74,864,87),(113300,'Omni_Berkshire_Place','21 E 52nd St','New York City','NY',41,-74,2616,262),(113309,'Fitzpatrick__Manhattan','687 Lexington Avenue','New York City','NY',41,-74,795,80),(113311,'The_Peninsula_New_York','700 Fifth Avenue at 55th Street','New York City','NY',41,-74,736,74),(113317,'Casablanca_Hotel_Times_Square','147 West 43rd Street','New York City','NY',41,-74,4212,422),(113329,'Morgans_New_York_Hotel','237 Madison Ave','New York City','NY',41,-74,1576,158),(113343,'Marrakech_Hotel_on_Broadway','2688 Broadway','New York City','NY',41,-74,1221,123),(121981,'Americana_Inn','69 West 38th Street','New York City','NY',41,-74,571,58),(121987,'The_Milburn_Hotel','242 West 76th Street','New York City','NY',41,-74,933,94),(121991,'Seton_Hotel','144 East 40th Street','New York City','NY',41,-74,537,54),(121996,'The_Gregory','42 West 35th Street','New York City','NY',41,-74,52,6),(121998,'The_Marmara_Manhattan','301 East 94th Street','New York City','NY',41,-74,670,68),(122004,'Phillips_Club','155 West 66th Street','New York City','NY',41,-74,49,5),(122005,'Wyndham_New_Yorker_Hotel','481 Eighth Ave','New York City','NY',41,-74,7895,790),(122007,'Manhattan_Broadway_Hotel','273 West 38th Street','New York City','NY',41,-74,527,53),(122011,'Hotel_Riverview','113 Jane Street','New York City','NY',41,-74,24,3),(122014,'Gild_Hall_A_Thompson_Hotel','15 Gold Street, Main Entrance on Platt Street','New York City','NY',41,-74,1085,109),(122015,'Hotel_Grand_Union','34 East 32nd Street','New York City','NY',41,-74,369,37),(122020,'Chelsea_Pines_Inn','317 West 14th Street','New York City','NY',41,-74,1785,179),(122022,'Box_Tree_Inn','250 East 49th Street','New York City','NY',41,-74,7,1),(125274,'Martha_Washington_Hotel','29 East 29th Street','New York City','NY',41,-74,523,53),(126257,'Hotel_31','120 East 31 Street','New York City','NY',41,-74,1238,124),(126260,'Lotte_New_York_Palace','455 Madison Avenue','New York City','NY',41,-74,1704,171),(142114,'Days_Inn_Hotel_New_York_City_Broadway','215 W 94th St & Broadway','New York City','NY',41,-74,1405,141),(157057,'Chambers_Hotel','15 W 56th Street','New York City','NY',41,-74,447,45),(194238,'The_Court_A_St_Giles_Premier_Hotel','130 East 39th Street','New York City','NY',41,-74,1487,149),(208452,'Conrad_New_York','102 North End Avenue','New York City','NY',41,-74,2046,205),(208453,'Hilton_Times_Square','234 West 42nd Street','New York City','NY',41,-74,4592,460),(208454,'Sofitel_New_York','45 West 44th Street','New York City','NY',41,-74,4996,500),(208455,'Tribeca_Grand_Hotel','2 Avenue of the Americas','New York City','NY',41,-74,1360,137),(208888,'Riff_Chelsea','300 W 30th St at 8th Ave','New York City','NY',41,-74,80,9),(209382,'ONE_UN_New_York','One United Nations Plaza','New York City','NY',41,-74,2272,228),(214197,'Hotel_Pennsylvania_New_York','401 Seventh Avenue at 33rd Street','New York City','NY',41,-74,10662,1067),(217613,'Chocolat_Hostel','850 West End Avenue','New York City','NY',41,-74,215,22),(217616,'The_Muse_Hotel_New_York','130 West 46th Street','New York City','NY',41,-74,2501,251),(217622,'Eurostars_Dylan_Hotel','52 East 41st Street','New York City','NY',41,-74,668,67),(217623,'Club_Quarters_Hotel__Wall_Street','52 William Street','New York City','NY',41,-74,935,94),(217626,'The_Benjamin','125 East 50th Street','New York City','NY',41,-74,2039,204),(217627,'Belnord_Hotel','209 West 87th Street','New York City','NY',41,-74,882,89),(217629,'3_West_Club','3 West 51st St','New York City','NY',41,-74,68,7),(217630,'414_Hotel','414 W 46th St','New York City','NY',41,-74,740,75),(219622,'Chelsea_Hotel','222 W 23rd St','New York City','NY',41,-74,294,30),(220243,'W_New_York_Union_Square','201 Park Avenue South','New York City','NY',41,-74,1135,114),(222959,'The_Ritz_Carlton_New_York__Battery_Park','2 West Street','New York City','NY',41,-74,1408,141),(223019,'Broadway_Plaza_Hotel','1155 Broadway','New York City','NY',41,-74,1044,105),(223021,'Club_Quarters__Midtown','40 West 45th Street','New York City','NY',41,-74,865,87),(223022,'Holiday_Inn_SoHo_New_York','138 Lafayette Street','New York City','NY',41,-74,921,93),(223023,'Hudson_Hotel_New_York','356 West 58th Street','New York City','NY',41,-74,3382,339),(223024,'Hotel_Chandler','12 East 31st Street','New York City','NY',41,-74,2290,230),(224214,'The_Bryant_Park_Hotel','40 West 40th Street','New York City','NY',41,-74,2656,266),(224217,'Clarion_Hotel_Park_Avenue','429 Park Avenue South','New York City','NY',41,-74,357,36),(224221,'Library_Hotel','299 Madison Ave., at 41st St.','New York City','NY',41,-74,3047,305),(224223,'nyma__the_New_York_Manhattan_Hotel','6 W 32nd St','New York City','NY',41,-74,2049,205),(224224,'The_Ritz_Carlton_New_York__Central_Park','50 Central Park South','New York City','NY',41,-74,901,91),(224226,'City_Club_Hotel','55 West 44th Street','New York City','NY',41,-74,586,59),(224229,'Hotel_Riverside_Studios','342 West 71st Street','New York City','NY',41,-74,292,30),(225942,'Park_South_Hotel','124 East 28th Street','New York City','NY',41,-74,1247,125),(234762,'the_Quin','101 West 57th Street','New York City','NY',41,-74,1116,112),(235228,'BEST_WESTERN_Convention_Center_Hotel','522 West 38th Street','New York City','NY',41,-74,569,57),(235238,'W_New_York_Times_Square','1567 Broadway at 47th St','New York City','NY',41,-74,3213,322),(246797,'Park_79_Hotel','117 West 79th Street','New York City','NY',41,-74,1098,110),(247814,'The_Gatsby_Hotel','135 East Houston Street','New York City','NY',41,-74,454,46),(249656,'The_Premier_Hotel','133 W 44th St','New York City','NY',41,-74,333,34),(249710,'Morningside_Inn','235 West 107th Street','New York City','NY',41,-74,636,64),(249711,'The_Hotel_at_Times_Square','59 West 46th Street','New York City','NY',41,-74,2440,245),(249712,'The_Westin_New_York_at_Times_Square','270 West 43rd Street','New York City','NY',41,-74,335,34),(251906,'The_Wall_Street_Inn','9 South William Street','New York City','NY',41,-74,403,41),(254605,'Hotel_41_at_Times_Square','206 West 41st Street','New York City','NY',41,-74,22,3),(256738,'Envoy_Club_Suites','377 East 33rd Street','New York City','NY',41,-74,129,13),(260396,'The_Amsterdam_Inn','340 Amsterdam Avenue','New York City','NY',41,-74,109,11),(262330,'Millenium_Hilton','55 Church Street','New York City','NY',41,-74,3216,322),(267182,'Windsor_Hotel','108 Forsyth Street','New York City','NY',41,-74,182,19),(267183,'World_Hotel','101 Bowery','New York City','NY',41,-74,260,27),(268216,'Hampton_Inn_Manhattan_Chelsea','108 West 24th Street','New York City','NY',41,-74,1325,133),(268217,'Oakwood_at_777_6th_Avenue','777 6th Avenue','New York City','NY',41,-74,3,1),(273530,'The_Maritime_Hotel','363 West 16th Street','New York City','NY',41,-74,507,51),(277882,'Hampton_Inn_Manhattan_Seaport_Financial_District','320 Pearl Street','New York City','NY',41,-74,694,70),(281071,'Mandarin_Oriental__New_York','80 Columbus Circle at 60th Street','New York City','NY',41,-74,997,100),(281234,'Four_Points_by_Sheraton_Manhattan_Chelsea','160 West 25th St.','New York City','NY',41,-74,826,83),(281697,'The_Wyndham_Midtown_45','205 East 45th Street','New York City','NY',41,-74,557,56),(284904,'Senton_Hotel','39 West 27 Street','New York City','NY',41,-74,20,3),(287626,'Gansevoort_Meatpacking_NYC','18 9th Avenue','New York City','NY',41,-74,1306,131),(290978,'Hotel_St._James','109 West 45th Street','New York City','NY',41,-74,1958,196),(290982,'La_Semana_Hotel','25 W. 24th St','New York City','NY',41,-74,31,4),(290987,'St._Marks_Hotel','2 St. Marks Place','New York City','NY',41,-74,352,36),(292140,'Sohotel','341 Broome Street','New York City','NY',41,-74,1020,103),(313862,'Soho_House_New_York','35 9th Avenue','New York City','NY',41,-74,201,21),(320562,'YourStay_MidTown_Apartments','50 West 34th Street','New York City','NY',41,-74,51,6),(455186,'JW_Marriott_Essex_House_New_York','160 Central Park South','New York City','NY',41,-74,1071,108),(488793,'Solita_Soho_Hotel','159 Grand Street','New York City','NY',41,-74,355,36),(498869,'Hampton_Inn_Madison_Square_Garden','116 West 31st Street','New York City','NY',41,-74,1351,136),(514488,'Hotel_on_Rivington','107 Rivington Street','New York City','NY',41,-74,991,100),(518280,'Room_Mate_Grace','125 West 45th Street','New York City','NY',41,-74,2103,211),(530265,'Metro_Home___Trump_Park','180 RiverSide Drive','New York City','NY',41,-74,1,1),(540545,'Chelsea_Inn_11th_Avenue','184 11th Avenue','New York City','NY',41,-74,14,2),(550885,'254_East_Vacation','254 East 74th Street','New York City','NY',41,-74,69,7),(557499,'Mount_Royal_Hotel_&_Hostel','315 West 94th Street','New York City','NY',41,-74,62,7),(564851,'Courtyard_by_Marriott_New_York_Manhattan___Upper_East_Side','410 East 92nd Street','New York City','NY',41,-74,480,49),(571166,'Gramercy_Park_Hotel','2 Lexington Avenue','New York City','NY',41,-74,1104,111),(575732,'Renaissance_New_York_Hotel_57','130 E 57th St','New York City','NY',41,-74,934,94),(578305,'Residence_Inn_New_York_Manhattan_Times_Square','1033 Avenue of the Americas','New York City','NY',41,-74,1785,179),(584986,'Holiday_Inn_Express_New_York_City_Fifth_Ave','15 West 45th Street','New York City','NY',41,-74,851,86),(596200,'Quality_Inn_Midtown_West','442 W 36th St','New York City','NY',41,-74,514,52),(601762,'Blue_Moon_Hotel','100 Orchard St','New York City','NY',41,-74,410,42),(607712,'Club_Quarters__opposite_Rockefeller_Center','25 West 51st Street','New York City','NY',41,-74,1001,101),(609602,'Seafarers_&_International_House','123 E. 15th St.','New York City','NY',41,-74,175,18),(611947,'New_York_Hilton_Midtown','1335 Avenue of the Americas','New York City','NY',41,-74,7109,711),(612263,'Hotel_Mela','120 West 44th St','New York City','NY',41,-74,2956,296),(616735,'The_Grant_Hotel','306 W 94th St','New York City','NY',41,-74,41,5),(620040,'Wingate_by_Wyndham_Manhattan_Midtown','235 West 35th Street','New York City','NY',41,-74,1436,144),(620399,'Duane_Street_Hotel','130 Duane Street','New York City','NY',41,-74,450,46),(624442,'Hotel_373_Fifth_Avenue','373 Fifth Avenue','New York City','NY',41,-74,806,81),(630409,'The_London_NYC','151 West 54th Street','New York City','NY',41,-74,2696,270),(630950,'Holiday_Inn_Express_NYC_Madison_Square_Garden','232 West 29th Street','New York City','NY',41,-74,1519,152),(632551,'Hilton_Garden_Inn_New_York_Tribeca','39 Avenue of the Americas','New York City','NY',41,-74,934,94),(634696,'The_Bowery_Hotel','335 Bowery','New York City','NY',41,-74,488,49),(641209,'Hilton_Garden_Inn_New_York_Manhattan_Chelsea','121 West 28th Street','New York City','NY',41,-74,1535,154),(643970,'Broadway_Hotel_and_Hostel','230 West 101 Street','New York City','NY',41,-74,878,88),(655870,'Lafayette_House','38 East 4th Street','New York City','NY',41,-74,43,5),(665814,'The_Soho_Loft','199 Lafayette Street','New York City','NY',41,-74,24,3),(671150,'Empire_Hotel','44 West 63rd Street','New York City','NY',41,-74,3807,381),(673077,'Comfort_Inn_Times_Square_South','305 W 39th St','New York City','NY',41,-74,752,76),(673080,'Holiday_Inn_NYC_Manhattan_6th_Avenue_Chelsea','125 West 26th Street','New York City','NY',41,-74,926,93),(674743,'CITY_ROOMS+_NYC_Soho','120 Lafayette Street','New York City','NY',41,-74,28,3),(675616,'The_Plaza','Fifth Avenue at Central Park South','New York City','NY',41,-74,1413,142),(866615,'Hampton_Inn_Manhattan_SoHo','54 Watts Street','New York City','NY',41,-74,1174,118),(1007724,'Hotel_East_Houston','151 East Houston Street','New York City','NY',41,-74,304,31),(1025779,'Candlewood_Suites_New_York_City_Times_Square','339 W. 39th Street','New York City','NY',41,-74,1476,148),(1027901,'Wyndham_Garden_Hotel_Manhattan__Chelsea_West','37 West 24th Street','New York City','NY',41,-74,1773,178),(1028569,'Greenwich_Hotel','377 Greenwich St.','New York City','NY',41,-74,429,43),(1048678,'The_Hotel_91','91 E Broadway','New York City','NY',41,-74,516,52),(1060157,'BEST_WESTERN_Bowery_Hanbee_Hotel','231 Grand Street','New York City','NY',41,-74,927,93),(1128769,'SIXTY_LES','190 Allen Street','New York City','NY',41,-74,915,92),(1139717,'Holiday_Inn_Express_New_York_City_Times_Square','343 West 39th Street','New York City','NY',41,-74,1578,158),(1146072,'Oakwood_at_6th_Avenue','888 6TH Avenue','New York City','NY',41,-74,44,5),(1149402,'The_Standard__East_Village','25 Cooper Square','New York City','NY',41,-74,426,43),(1149404,'Doubletree_By_Hilton_Times_Square_South','341 West 36th Street','New York City','NY',41,-74,1011,102),(1155229,'Royal_Park_Hotel','258 West 97th Street','New York City','NY',41,-74,423,43),(1157456,'Four_Points_by_Sheraton_Manhattan_SoHo_Village','66 Charlton Street','New York City','NY',41,-74,755,76),(1158753,'Ink48_a_Kimpton_Hotel','653 11th Avenue at 48th','New York City','NY',41,-74,2398,240),(1158763,'Hampton_Inn_Manhattan_35th_St_Empire_State_Bldg','59 W. 35th Street','New York City','NY',41,-74,1273,128),(1164645,'Eurostars_Wall_Street','129 Front St','New York City','NY',41,-74,182,19),(1176643,'Central_Park_House','25 W. 83rd Street','New York City','NY',41,-74,11,2),(1177864,'The_GEM_Hotel_Chelsea','300 W 22nd St','New York City','NY',41,-74,824,83),(1181739,'The_Jane','113 Jane Street','New York City','NY',41,-74,974,98),(1186070,'The_Strand_Hotel','33 West 37 Street','New York City','NY',41,-74,1861,187),(1199530,'Oxbridge_Midtown_East_Apartments','210 E 47th St','New York City','NY',41,-74,11,2),(1201072,'Ace_Hotel_New_York','20 West 29th Street','New York City','NY',41,-74,1344,135),(1206876,'Luxurstay_B&B','West 122nd St.','New York City','NY',41,-74,6,1),(1207461,'Saint_Nicholas_Inn','154th Street','New York City','NY',41,-74,48,5),(1214829,'Doubletree_Hotel_Chelsea_New_York_City','128 West 29th Street','New York City','NY',41,-74,1304,131),(1217245,'The_Sylvan_Guest_House','Sylvan Terrace','New York City','NY',41,-74,27,3),(1217376,'The_GEM_Hotel_Hudson_Yards__an_Ascend_Hotel_Collection_Member','449 W. 36th Street','New York City','NY',41,-74,501,51),(1218720,'The_Standard__High_Line','848 Washington Street','New York City','NY',41,-74,1890,190),(1218792,'Hilton_Garden_Inn_New_York_West_35th_Street','63 West 35th Street','New York City','NY',41,-74,3733,374),(1234559,'Holiday_Inn_New_York_City_Wall_Street','51 Nassau Street','New York City','NY',41,-74,584,59),(1235341,'Carvi_Hotel_New_York','152 East 55th Street','New York City','NY',41,-74,410,42),(1237128,'Hotel_Indigo_New_York_City__Chelsea','127 West 28th Street','New York City','NY',41,-74,1082,109),(1308397,'West_57th_Street_by_Hilton_Club','102 West 57th Street','New York City','NY',41,-74,828,83),(1371825,'Smyth_a_Thompson_Hotel','85 West Broadway','New York City','NY',41,-74,167,17),(1379306,'Hilton_Club_New_York','1335 Avenue of the Americas','New York City','NY',41,-74,355,36),(1383001,'Comfort_Inn_Manhattan_Bridge','61 - 63 Chrystie Street','New York City','NY',41,-74,396,40),(1390172,'Fairfield_Inn_&_Suites_by_Marriott_New_York_Manhattan___Times_Square','330 W. 40th Street','New York City','NY',41,-74,1281,129),(1415127,'The_French_Quarters_Guest_Apartments','346 W. 46th Street','New York City','NY',41,-74,779,78),(1448670,'Mayor_Hotel','79 Division Street','New York City','NY',41,-74,130,14),(1456411,'Gansevoort_Park_Avenue_NYC','420 Park Avenue South','New York City','NY',41,-74,1593,160),(1456416,'Trump_SoHo_New_York','246 Spring Street','New York City','NY',41,-74,2343,235),(1456560,'Eventi_a_Kimpton_Hotel','851 Avenue of the Americas (Sixth Avenue)','New York City','NY',41,-74,2597,260),(1462005,'W_New_York_Downtown','8 Albany Street','New York City','NY',41,-74,844,85),(1464151,'Four_Points_by_Sheraton_Midtown_Times_Square','326 West 40th Street','New York City','NY',41,-74,1439,144),(1465008,'Holiday_Inn_Express_New_York_City_Wall_Street','126 Water Street','New York City','NY',41,-74,368,37),(1465162,'Staybridge_Suites_Times_Square_New_York_City','340 West 40th Street','New York City','NY',41,-74,4142,415),(1477775,'The_MAve','62 Madison Ave','New York City','NY',41,-74,786,79),(1485603,'Comfort_Inn_Times_Square_West','343 W. 44th Street','New York City','NY',41,-74,706,71),(1485961,'Andaz_Wall_Street','75 Wall Street','New York City','NY',41,-74,2186,219),(1486164,'Fairfield_Inn_&_Suites_New_York_Manhattan___Fifth_Avenue','21 West 37th Street','New York City','NY',41,-74,417,42),(1500405,'Hampton_Inn_Manhattan_Times_Square_South','337 West 39th Street','New York City','NY',41,-74,1722,173),(1503474,'Distrikt_Hotel','342 West 40th Street','New York City','NY',41,-74,3909,391),(1553789,'World_Center_Hotel','144 Washington Street','New York City','NY',41,-74,579,58),(1563892,'Flatiron_Hotel','9 West 26th Street','New York City','NY',41,-74,622,63),(1572980,'Crosby_Street_Hotel','79 Crosby Street','New York City','NY',41,-74,570,58),(1575440,'East_73rd_and_York_Ave_Apartment','1374 York Avenue','New York City','NY',41,-74,15,2),(1583937,'Comfort_Inn_Lower_East_Side','136 Ludlow Street','New York City','NY',41,-74,583,59),(1595302,'Club_Quarters__World_Trade_Center','140 Washington Street','New York City','NY',41,-74,958,96),(1601249,'Hilton_New_York_Fashion_District','152 West 26th Street','New York City','NY',41,-74,2489,249),(1641016,'The_Chatwal__A_Luxury_Collection_Hotel__New_York','130 West 44th Street','New York City','NY',41,-74,839,84),(1646128,'InterContinental_New_York_Times_Square','300 W 44th Street','New York City','NY',41,-74,3413,342),(1733337,'Sutton_Court_Hotel_Residences','417 East 57th Street','New York City','NY',41,-74,43,5),(1746459,'The_Nolitan_Hotel','30 Kenmare Street','New York City','NY',41,-74,778,78),(1762573,'Andaz_5th_Avenue','485 5th Avenue','New York City','NY',41,-74,1766,177),(1776857,'Langham_Place__New_York__Fifth_Avenue','400 Fifth Avenue','New York City','NY',41,-74,1511,152),(1783324,'Sheraton_Tribeca_New_York_Hotel','370 Canal Street','New York City','NY',41,-74,1383,139),(1785018,'The_James_New_York','27 Grand St.','New York City','NY',41,-74,1013,102),(1786395,'NOMO_SOHO_Hotel','9 Crosby Street','New York City','NY',41,-74,172,18),(1791248,'Hotel_Mulberry','52 Mulberry St','New York City','NY',41,-74,461,47),(1806062,'Cassa_Hotel_45th_Street_New_York','70 West 45th St','New York City','NY',41,-74,1459,146),(1845644,'Courtyard_New_York_Manhattan_Soho','181 Varick Street','New York City','NY',41,-74,441,45),(1852917,'Element_New_York_Times_Square_West','311 West 39th Street','New York City','NY',41,-74,2828,283),(1858923,'Doubletree_Hotel_New_York_City_Financial_District','8 Stone Street','New York City','NY',41,-74,1429,143),(1878946,'Aloft_Harlem','2296 Frederick Douglass Boulevard','New York City','NY',41,-74,507,51),(1888977,'The_Pearl_Hotel','233 West 49th Street','New York City','NY',41,-74,1747,175),(1913413,'The_Jewel_Facing_Rockefeller_Center','11 West 51 Street','New York City','NY',41,-74,1215,122),(1938661,'Row_NYC_Hotel','700 8th Avenue','New York City','NY',41,-74,5882,589),(1940859,'Hyatt_Herald_Square_New_York','30-32 West 31st Street','New York City','NY',41,-74,256,26),(1949647,'Fairfield_Inn_&_Suites_New_York_Manhattan_Chelsea','116 West 28th Street','New York City','NY',41,-74,555,56),(1963673,'The_Gotham_Hotel','16 East 46th Street','New York City','NY',41,-74,486,49),(1990870,'Elk_Hotel','360 42nd Street','New York City','NY',41,-74,4,1),(2079052,'YOTEL_New_York_at_Times_Square_West','570 10th Ave','New York City','NY',41,-74,7023,703),(2096704,'Hotel_Verite','13 E. 19th Street','New York City','NY',41,-74,154,16),(2148819,'Hotel_48LEX','517 Lexington Avenue','New York City','NY',41,-74,795,80),(2151571,'Hotel_Americano','518 W 27th St','New York City','NY',41,-74,280,29),(2173604,'Dream_Downtown','355 West 16th Street','New York City','NY',41,-74,2414,242),(2253206,'TRYP_by_Wyndham_Times_Square_South','345 West 35th Street','New York City','NY',41,-74,2472,248),(2554351,'Hyatt_Place_New_York_Midtown_South','52-54 W 36th Street','New York City','NY',41,-74,1026,103),(2622936,'Wyndham_Garden_Chinatown','93 Bowery','New York City','NY',41,-74,1213,122),(2643161,'The_NoMad_Hotel','1170 Broadway & 28th Street','New York City','NY',41,-74,560,57),(3168954,'Tribeca_Blu_Hotel','276 Canal Street','New York City','NY',41,-74,300,31),(3235844,'Pod_39_Hotel','145 E 39th Street','New York City','NY',41,-74,2069,207),(3236642,'Holiday_Inn_NYC_Lower_East_Side','150 Delancey Street','New York City','NY',41,-74,456,46),(3344640,'Refinery_Hotel','63 West 38th Street','New York City','NY',41,-74,1898,190),(3502291,'Comfort_Inn_Midtown_West','548 West 48th Street','New York City','NY',41,-74,306,31),(3506933,'Howard_Johnson_Manhattan_Soho','5 Allen St','New York City','NY',41,-74,518,52),(3522780,'The_Jade_Hotel','52 W 13th Street','New York City','NY',41,-74,542,55),(3529145,'Holiday_Inn_Express_Manhattan_Times_Square_South','60 West 36th Street & 6th Ave','New York City','NY',41,-74,664,67),(3533197,'Hyatt_Union_Square_New_York','134 Fourth Aveunue','New York City','NY',41,-74,696,70),(3572583,'Holiday_Inn_Express_New_York_Manhattan_West_Side','538 W 48th St','New York City','NY',41,-74,601,61),(3572587,'Hampton_Inn_Manhattan_United_Nations','231 E 43rd St','New York City','NY',41,-74,813,82),(3580899,'Hampton_Inn_Manhattan__Downtown_Financial','32 Pearl St','New York City','NY',41,-74,240,25),(3583686,'Residence_Inn_New_York_Manhattan_Midtown_East','148 East 48th Street','New York City','NY',41,-74,977,98),(3613090,'Fairfield_Inn_&_Suites_New_York_Midtown_Manhattan_Penn_Station','325 W 33rd St','New York City','NY',41,-74,781,79),(3973287,'BEST_WESTERN_PREMIER_Herald_Square','50 W 36th Street','New York City','NY',41,-74,924,93),(4053109,'SpringHill_Suites_New_York_Midtown_Manhattan_Fifth_Avenue','25 West 37th St','New York City','NY',41,-74,605,61),(4053479,'Courtyard_New_York_Manhattan___Herald_Square','71 West 35th Street','New York City','NY',41,-74,452,46),(4232686,'Viceroy_New_York','120 W 57th Street','New York City','NY',41,-74,623,63),(4274398,'Courtyard_by_Marriott_New_York_Times_Square_West','307 West 37th Street','New York City','NY',41,-74,613,62),(4283443,'The_High_Line_Hotel','180 Tenth Avenue','New York City','NY',41,-74,275,28),(4446427,'Hotel_Boutique_At_Grand_Central','447 Lexington Avenue','New York City','NY',41,-74,179,18),(4451787,'Club_Quarters__Grand_Central','128 East 45th Street','New York City','NY',41,-74,258,26),(4457041,'Fairfield_Inn_&_Suites_New_York_Manhattan_Downtown_East','95 Henry St','New York City','NY',41,-74,163,17),(4702789,'The_Towers_at_Lotte_New_York_Palace','455 Madison Avenue','New York City','NY',41,-74,381,39),(4799063,'Hyatt_Times_Square_New_York','135 West 45th Street','New York City','NY',41,-74,1428,143),(4945551,'WestHouse_Hotel_New_York','201 West 55 Street','New York City','NY',41,-74,780,79),(4972409,'The_Marlton_Hotel','5 West 8th Street','New York City','NY',41,-74,314,32),(5039852,'Courtyard_New_York_Manhattan_Central_Park','1717 Broadway','New York City','NY',41,-74,512,52),(5039880,'Courtyard_New_York_Manhattan_Chelsea','135 West 30th Street','New York City','NY',41,-74,478,48),(5040757,'Homewood_Suites_by_Hilton_New_York_Midtown_Manhattan_Times_Square_South__NY','312 West 37th Street','New York City','NY',41,-74,938,94),(5072714,'The_Broome','431 Broome Street','New York City','NY',41,-74,173,18),(5550873,'Archer_Hotel_New_York','45 West 38th Street','New York City','NY',41,-74,1287,129),(5786212,'Hilton_Garden_Inn_New_York_Central_Park_South_Midtown_West','237 West 54th Street','New York City','NY',41,-74,1129,113),(5888246,'Comfort_Inn_Near_Financial_District','154 Madison Street','New York City','NY',41,-74,62,7),(5960548,'Hilton_Garden_Inn_New_York_Manhattan_Midtown_East','206 East 52nd Street','New York City','NY',41,-74,639,64),(6023925,'Residence_Inn_New_York_Manhattan_Central_Park','1717 Broadway','New York City','NY',41,-74,537,54),(6201200,'The_Lex_NYC','67 Lexington Avenue','New York City','NY',41,-74,370,38),(6219365,'Hotel_Hugo','525 Greenwich Street','New York City','NY',41,-74,611,62),(6385164,'citizenM_New_York_Times_Square','218 West 50th Street','New York City','NY',41,-74,1214,122),(6407567,'Hilton_Garden_Inn_New_York_Times_Square_Central','136 West 42nd Street','New York City','NY',41,-74,558,56),(6510520,'Hilton_Garden_Inn_New_York_Midtown_Park_Ave','45 East 33rd Street','New York City','NY',41,-74,314,32),(6555841,'The_Leon_Hotel','125 Canal Street','New York City','NY',41,-74,222,23),(6582176,'Park_Hyatt_New_York','153 West 57th Street','New York City','NY',41,-74,426,43),(6727310,'The_Ludlow_New_York_City','180 Ludlow Street','New York City','NY',41,-74,285,29),(6733290,'Hotel_32_32','32 East 32nd Street','New York City','NY',41,-74,154,16),(6776714,'Club_Quarters_The_Annex_at_Rockefeller_Center','11 West 51st Street','New York City','NY',41,-74,14,2),(6877735,'Fairfield_Inn_New_York_Manhattan___Financial_District','161 Front Street','New York City','NY',41,-74,73,8),(6883205,'1_Hotel_Central_Park','1414 Avenue of the Americas','New York City','NY',41,-74,87,9),(7014966,'Holiday_Inn_Manhattan_Financial_District','99 Washington Street','New York City','NY',41,-74,394,40),(7130807,'Cambria_Hotel_&_Suites_New_York_Chelsea','123 W 28th Street','New York City','NY',41,-74,170,18),(7148761,'Cassa_Hotel_Times_Square','515 Ninth Avenue','New York City','NY',41,-74,375,38),(7182733,'The_Paul','32 West 29th Street','New York City','NY',41,-74,150,16),(7182804,'Residence_Inn_New_York_Manhattan_World_Trade_Center_Area','170 Broadway at 4 Maiden Lane','New York City','NY',41,-74,202,21),(7196011,'Comfort_Inn_Sunset_Park___Park_Slope','353 38th Street','New York City','NY',41,-74,14,2),(7255276,'The_Knickerbocker','6 Times Square','New York City','NY',41,-74,377,38),(7314002,'Baccarat_Hotel_&_Residences_New_York','28 West 53rd Street','New York City','NY',41,-74,62,7),(7737096,'Holiday_Inn_New_York_Times_Square_South','585 8TH Ave','New York City','NY',41,-74,12,2),(7787303,'The_New_York_EDITION','5 Madison Ave','New York City','NY',41,-74,97,10),(7816364,'Hotel_Le_Soleil','38 W 36th Street','New York City','NY',41,-74,43,5),(7939016,'Orchard_Street_Hotel','163 Orchard Street','New York City','NY',41,-74,42,5),(8035866,'Hampton_Inn_Manhattan_Times_Square_Central','220 West 41st Street','New York City','NY',41,-74,135,14);
/*!40000 ALTER TABLE `mytable` ENABLE KEYS */;
UNLOCK TABLES;
/*!40103 SET TIME_ZONE=@OLD_TIME_ZONE */;

/*!40101 SET SQL_MODE=@OLD_SQL_MODE */;
/*!40014 SET FOREIGN_KEY_CHECKS=@OLD_FOREIGN_KEY_CHECKS */;
/*!40014 SET UNIQUE_CHECKS=@OLD_UNIQUE_CHECKS */;
/*!40101 SET CHARACTER_SET_CLIENT=@OLD_CHARACTER_SET_CLIENT */;
/*!40101 SET CHARACTER_SET_RESULTS=@OLD_CHARACTER_SET_RESULTS */;
/*!40101 SET COLLATION_CONNECTION=@OLD_COLLATION_CONNECTION */;
/*!40111 SET SQL_NOTES=@OLD_SQL_NOTES */;

-- Dump completed on 2015-10-06 19:17:17
